Time,HeartRate,Distance,Speed,Latitude,Longitude,Altitude,
5,111,15,7.42,55.860893,-4.251146,16
10,114,29,9.19,55.860917,-4.251356,14
15,114,42,9.44,55.860938,-4.251572,12
20,114,56,9.66,55.860965,-4.251786,12
25,114,69,9.74,55.860985,-4.251984,12
30,127,80,9.48,55.861002,-4.252164,11
35,130,92,9.01,55.861005,-4.252356,10
40,131,106,8.81,55.861037,-4.252551,9
45,131,117,8.96,55.86106,-4.252722,9
50,131,128,8.87,55.861068,-4.252902,9
55,129,140,8.53,55.861077,-4.253087,9
60,129,152,8.39,55.861087,-4.253274,9
65,133,163,8.4,55.861102,-4.253456,9
70,134,175,8.38,55.861122,-4.253641,9
75,135,186,8.38,55.861152,-4.253809,9
80,137,197,8.34,55.861185,-4.253976,11
85,137,208,8.22,55.861207,-4.254147,12
90,137,219,8.1,55.861215,-4.254321,13
95,138,231,8.02,55.861225,-4.254506,14
100,138,242,8.07,55.86123,-4.254682,15
105,137,253,8.1,55.861252,-4.254854,16
110,139,264,8.02,55.86127,-4.255024,16
115,139,275,7.93,55.861288,-4.255204,17
120,139,288,8.09,55.86133,-4.255394,19
125,139,300,8.5,55.86135,-4.255586,22
130,139,311,8.7,55.861373,-4.255754,23
135,141,323,8.49,55.86139,-4.255936,24
140,141,334,8.34,55.861403,-4.256122,25
145,141,346,8.34,55.86142,-4.256301,25
150,141,357,8.27,55.86144,-4.256474,25
155,145,368,8.16,55.861478,-4.256642,25
160,145,380,8.17,55.861508,-4.256826,26
165,145,392,8.34,55.861523,-4.257017,26
170,145,403,8.48,55.861538,-4.257194,26
175,145,414,8.37,55.861567,-4.257364,26
180,145,426,8.19,55.861593,-4.257536,26
185,140,437,8.11,55.861605,-4.257712,26
190,142,449,8.12,55.861618,-4.257902,26
195,142,460,8.23,55.86164,-4.258077,26
200,142,472,8.28,55.861665,-4.258261,26
205,142,482,8.21,55.861683,-4.258416,26
210,142,492,7.98,55.861715,-4.258572,26
215,142,501,7.61,55.861732,-4.258716,27
220,142,511,7.27,55.861738,-4.258871,27
225,142,520,7.01,55.86175,-4.259016,28
230,142,529,6.86,55.861778,-4.259156,28
235,142,540,6.86,55.861798,-4.259317,28
240,142,550,7.02,55.861823,-4.259474,28
245,142,559,7.16,55.861837,-4.259627,28
250,142,570,7.14,55.861853,-4.259784,29
255,142,581,7.21,55.861873,-4.259957,30
260,142,591,7.49,55.861913,-4.260102,32
265,142,601,7.62,55.861927,-4.260261,33
270,142,611,7.46,55.861933,-4.260416,34
275,142,620,7.2,55.861948,-4.260562,35
280,142,630,7.05,55.86197,-4.260721,36
285,142,641,7.09,55.862005,-4.260877,37
290,142,651,7.25,55.86202,-4.261041,37
295,142,661,7.32,55.862043,-4.261192,38
300,142,671,7.29,55.86205,-4.261354,39
305,142,682,7.28,55.862072,-4.261514,39
310,142,691,7.32,55.862087,-4.261666,39
315,142,701,7.25,55.86209,-4.261824,40
320,142,711,7.13,55.862105,-4.261977,42
325,142,721,7.09,55.862118,-4.262132,42
330,142,730,7.1,55.862132,-4.262286,43
335,142,740,7.07,55.862152,-4.262441,44
340,142,752,7.14,55.862172,-4.262624,46
345,142,763,7.51,55.862205,-4.262792,46
350,142,774,7.89,55.86223,-4.262964,46
355,142,784,7.95,55.862268,-4.263111,46
360,142,794,7.76,55.862293,-4.263256,46
365,142,803,7.38,55.862308,-4.263406,46
370,142,813,7.1,55.862318,-4.263564,46
375,142,823,7.06,55.862328,-4.263721,46
380,142,833,7.1,55.862335,-4.263876,47
385,142,844,7.13,55.862347,-4.264046,49
390,142,854,7.29,55.86236,-4.264212,50
395,142,865,7.49,55.86237,-4.264384,51
400,142,877,7.73,55.862395,-4.264569,52
405,142,887,7.94,55.862412,-4.264737,52
410,142,898,7.92,55.862423,-4.264904,52
415,142,910,7.82,55.862432,-4.265091,53
420,142,920,7.92,55.862432,-4.265256,54
425,142,931,7.91,55.862435,-4.265429,55
430,142,943,7.88,55.862473,-4.265607,55
435,142,954,8.04,55.862495,-4.265781,55
440,142,965,8.12,55.862533,-4.265939,55
445,142,975,7.97,55.862563,-4.266096,55
450,142,986,7.77,55.862597,-4.266257,55
455,142,997,7.76,55.862623,-4.266441,54
455,121,997,7.76,55.862623,-4.266441,54
455,121,997,7.76,55.862623,-4.266441,54
455,121,997,7.76,55.862623,-4.266441,54
460,121,1010,8.03,55.86264,-4.266641,51
465,121,1021,8.42,55.862645,-4.266822,48
470,121,1033,8.52,55.862668,-4.266999,46
475,121,1043,8.31,55.862697,-4.267157,46
480,121,1053,8.03,55.862708,-4.267317,45
485,121,1066,7.85,55.862747,-4.267497,45
490,121,1075,7.94,55.86277,-4.267639,45
495,121,1085,7.73,55.862792,-4.267792,45
500,121,1095,7.3,55.862822,-4.267942,45
505,141,1105,7.21,55.86286,-4.268094,45
510,141,1118,7.4,55.862862,-4.268262,45
515,141,1130,7.86,55.862855,-4.268452,45
520,139,1140,8.24,55.86287,-4.268616,45
525,139,1150,8.07,55.862875,-4.268771,45
530,139,1159,7.6,55.86289,-4.268924,45
535,142,1172,7.44,55.862948,-4.269089,48
540,145,1186,8.02,55.863032,-4.269262,51
545,145,1198,8.8,55.863107,-4.269394,55
550,145,1208,8.85,55.863167,-4.269479,59
555,145,1227,8.87,55.863053,-4.269704,61
560,145,1242,9.9,55.863072,-4.269901,61
565,145,1253,10.61,55.863118,-4.270057,57
570,145,1263,9.79,55.863118,-4.270222,52
575,145,1273,8.61,55.863138,-4.270379,47
580,145,1283,7.87,55.863155,-4.270541,42
585,145,1293,7.56,55.863167,-4.270701,37
590,145,1303,7.44,55.863168,-4.270862,36
595,145,1313,7.32,55.863165,-4.271016,36
600,145,1322,7.14,55.86317,-4.271161,35
605,145,1331,6.91,55.863158,-4.271309,35
610,145,1341,6.79,55.86315,-4.271459,35
615,145,1350,6.75,55.863143,-4.271606,35
620,145,1360,6.77,55.863137,-4.271769,35
625,146,1370,6.88,55.863135,-4.271922,35
630,146,1380,7.06,55.863132,-4.272094,35
635,146,1391,7.28,55.863118,-4.272267,35
640,146,1402,7.56,55.863112,-4.272442,35
645,146,1413,7.73,55.86311,-4.272619,35
650,146,1424,7.8,55.863108,-4.272792,35
655,146,1434,7.75,55.863108,-4.272956,35
660,145,1445,7.62,55.86311,-4.273122,35
665,144,1455,7.53,55.863105,-4.273291,35
670,144,1467,7.57,55.86311,-4.273474,36
675,143,1478,7.82,55.863117,-4.273654,36
680,143,1488,8.01,55.863113,-4.273821,36
685,143,1499,7.89,55.863115,-4.273992,36
690,143,1509,7.73,55.863108,-4.274157,36
695,143,1520,7.6,55.86311,-4.274319,36
700,143,1530,7.46,55.86312,-4.274491,36
705,144,1541,7.52,55.86312,-4.274662,36
710,145,1552,7.65,55.863128,-4.274832,35
715,147,1562,7.67,55.863132,-4.275004,34
720,148,1574,7.7,55.863123,-4.275184,34
725,148,1585,7.86,55.863117,-4.275359,32
730,150,1595,7.89,55.863105,-4.275526,32
735,150,1605,7.76,55.863095,-4.275687,32
740,150,1615,7.59,55.863082,-4.275849,32
745,149,1626,7.43,55.863067,-4.276007,32
750,149,1636,7.4,55.86305,-4.276177,32
755,149,1648,7.54,55.863037,-4.276357,32
760,149,1660,7.81,55.863037,-4.276547,32
765,150,1671,8.11,55.863058,-4.276732,32
770,150,1683,8.36,55.863055,-4.276921,33
775,150,1693,8.37,55.863047,-4.277084,34
780,150,1704,8.09,55.863037,-4.277249,35
785,152,1715,7.79,55.86303,-4.277424,36
790,151,1725,7.72,55.863018,-4.277589,36
795,151,1736,7.67,55.863012,-4.277759,36
800,151,1747,7.66,55.863018,-4.277937,36
805,151,1758,7.81,55.86304,-4.278114,36
810,151,1769,7.98,55.863047,-4.278294,36
815,151,1780,8.04,55.863043,-4.278472,36
820,151,1791,8.02,55.863022,-4.278641,36
825,150,1803,8.02,55.863055,-4.278817,36
830,150,1814,8.1,55.8631,-4.278969,36
835,150,1826,8.12,55.86314,-4.279149,36
840,150,1838,8.26,55.863183,-4.279334,36
845,150,1849,8.53,55.863227,-4.279489,36
850,153,1860,8.42,55.86327,-4.279647,36
855,153,1872,8.14,55.863318,-4.279811,36
860,153,1884,8.15,55.863367,-4.279984,34
865,153,1895,8.36,55.863393,-4.280157,31
870,153,1907,8.45,55.863327,-4.280294,29
875,153,1918,8.4,55.86323,-4.280356,29
880,149,1930,8.37,55.863125,-4.280401,28
885,149,1941,8.35,55.863028,-4.280431,27
890,149,1952,8.23,55.862932,-4.280471,26
895,149,1963,8.04,55.862835,-4.280507,25
900,149,1975,7.99,55.862733,-4.280534,25
905,149,1985,8.01,55.862638,-4.280564,25
910,149,1997,8.0,55.862537,-4.280591,25
912,149,2001,7.99,55.862497,-4.280602,25
912,149,2001,7.99,55.862497,-4.280602,25
912,149,2001,7.99,55.862497,-4.280602,25
915,149,2008,8.0,55.862437,-4.280616,24
920,149,2019,8.03,55.86234,-4.280616,23
925,149,2030,7.96,55.862243,-4.280637,20
930,149,2041,7.91,55.862143,-4.280644,19
935,153,2053,8.0,55.862037,-4.280689,19
940,154,2066,8.27,55.86192,-4.280727,19
945,154,2080,8.81,55.861802,-4.280754,19
950,154,2090,9.12,55.86171,-4.280754,17
955,154,2100,8.61,55.861622,-4.280757,17
960,154,2110,7.84,55.86153,-4.280789,15
965,154,2121,7.58,55.861435,-4.280784,14
970,154,2133,7.62,55.86133,-4.280822,14
975,154,2146,7.97,55.861215,-4.280872,14
980,154,2159,8.56,55.861103,-4.280916,14
985,154,2169,8.85,55.861008,-4.280937,14
990,155,2180,8.6,55.860913,-4.280942,14
995,155,2191,8.15,55.860813,-4.280949,14
1000,155,2201,7.95,55.860722,-4.280947,14
1005,155,2210,7.76,55.860647,-4.280922,12
1010,155,2221,7.35,55.860548,-4.280944,12
1015,155,2232,7.27,55.860453,-4.280971,12
1020,155,2242,7.49,55.860363,-4.280957,12
1025,155,2255,7.62,55.860253,-4.280956,12
1030,150,2267,8.01,55.860205,-4.280792,12
1035,150,2277,8.32,55.860178,-4.280632,12
1040,149,2287,8.08,55.860155,-4.280492,12
1045,149,2296,7.51,55.860127,-4.280346,12
1050,149,2307,7.21,55.860102,-4.280177,12
1055,149,2318,7.37,55.860098,-4.280004,12
1060,149,2328,7.58,55.860097,-4.279849,12
1065,149,2340,7.55,55.860132,-4.279661,12
1070,149,2361,8.6,55.860257,-4.279431,15
1075,153,2378,10.47,55.860355,-4.279226,16
1080,153,2391,11.47,55.860323,-4.279084,20
1085,153,2402,10.93,55.860312,-4.278916,23
1090,153,2411,9.71,55.860283,-4.278776,26
1095,153,2421,8.43,55.860272,-4.278629,28
1100,153,2432,7.7,55.860317,-4.278471,30
1105,153,2444,7.67,55.860333,-4.278299,34
1110,153,2455,7.9,55.860305,-4.278129,37
1115,153,2466,7.99,55.86027,-4.277972,38
1120,153,2475,7.86,55.860238,-4.277831,38
1125,153,2485,7.56,55.860208,-4.277677,37
1130,153,2495,7.35,55.860202,-4.277524,34
1135,153,2505,7.21,55.860188,-4.277374,31
1140,153,2514,7.05,55.860182,-4.277221,29
1145,153,2524,6.98,55.860185,-4.277061,25
1150,153,2534,7.03,55.860193,-4.276899,24
1155,153,2544,7.17,55.8602,-4.276739,23
1160,153,2554,7.25,55.860207,-4.276581,21
1165,153,2564,7.19,55.860218,-4.276424,20
1170,153,2574,7.14,55.860225,-4.276272,20
1175,157,2583,7.02,55.86022,-4.276126,20
1180,157,2593,6.88,55.860208,-4.275971,20
1185,157,2603,6.94,55.860192,-4.275804,20
1190,157,2613,7.15,55.860193,-4.275647,19
1195,157,2623,7.27,55.860188,-4.275482,19
1200,157,2633,7.26,55.860178,-4.275329,19
1205,157,2642,7.16,55.86016,-4.275187,18
1210,157,2652,6.99,55.860148,-4.275027,18
1215,157,2662,6.95,55.86016,-4.274876,18
1220,157,2673,7.03,55.860195,-4.274719,18
1225,157,2685,7.41,55.860193,-4.274521,18
1230,157,2697,8.02,55.860192,-4.274332,18
1235,157,2709,8.42,55.86018,-4.274141,18
1240,157,2720,8.47,55.860173,-4.273961,18
1245,157,2731,8.37,55.860158,-4.273786,18
1250,157,2742,8.18,55.860148,-4.273619,18
1255,157,2752,7.95,55.860138,-4.273451,18
1260,157,2764,7.8,55.860108,-4.273281,18
1265,157,2776,7.89,55.860078,-4.273092,17
1270,157,2788,8.22,55.860032,-4.272916,16
1275,157,2800,8.48,55.859972,-4.272752,16
1280,157,2813,8.65,55.859922,-4.272567,16
1285,157,2824,8.83,55.859878,-4.272404,16
1290,157,2834,8.68,55.859847,-4.272254,16
1295,157,2844,8.06,55.859805,-4.272121,16
1300,157,2853,7.47,55.859768,-4.271987,16
1305,157,2863,7.09,55.859732,-4.271844,16
1310,157,2874,7.02,55.859685,-4.271689,16
1315,157,2885,7.34,55.859628,-4.271539,16
1320,157,2897,7.79,55.859567,-4.271384,16
1325,157,2907,8.01,55.859515,-4.271252,17
1330,157,2917,7.88,55.859457,-4.271122,17
1335,157,2929,7.67,55.859382,-4.270999,17
1340,157,2939,7.69,55.859308,-4.270894,17
1345,157,2950,7.79,55.859223,-4.270811,17
1350,157,2961,7.8,55.859138,-4.270719,17
1355,157,2972,7.83,55.859045,-4.270654,17
1360,157,2982,7.8,55.858958,-4.270611,17
1365,157,2992,7.63,55.858875,-4.270571,17
1370,157,3001,7.32,55.858792,-4.270562,17
1370,157,3001,7.32,55.858792,-4.270562,17
1370,157,3001,7.32,55.858792,-4.270562,17
1370,157,3001,7.32,55.858792,-4.270562,17
1375,157,3010,7.02,55.858708,-4.270557,17
1380,157,3021,6.9,55.858617,-4.270527,17
1385,157,3030,6.99,55.85853,-4.270516,17
1390,157,3040,7.07,55.858442,-4.270497,17
1395,157,3051,7.09,55.858347,-4.270479,17
1400,157,3061,7.22,55.858257,-4.270466,17
1405,157,3072,7.33,55.85816,-4.270459,17
1410,157,3083,7.47,55.858058,-4.270457,17
1415,157,3093,7.7,55.857968,-4.270451,17
1420,157,3104,7.66,55.85787,-4.270442,17
1425,157,3114,7.52,55.857783,-4.270462,17
1430,157,3124,7.43,55.857692,-4.270474,17
1435,157,3134,7.36,55.857598,-4.270472,17
1440,157,3143,7.3,55.857518,-4.270477,18
1445,157,3153,7.06,55.857432,-4.270476,18
1450,157,3163,6.91,55.85734,-4.270476,19
1455,157,3172,6.98,55.857255,-4.270479,19
1460,157,3182,7.0,55.857168,-4.270474,19
1465,157,3192,6.95,55.85708,-4.270474,19
1470,157,3201,6.94,55.856995,-4.270487,20
1475,160,3211,6.91,55.85691,-4.270487,20
1480,159,3220,6.89,55.856822,-4.270494,20
1485,159,3230,6.87,55.856738,-4.270506,20
1490,158,3240,6.87,55.85665,-4.270504,20
1495,158,3250,6.94,55.856553,-4.270517,20
1500,158,3261,7.16,55.856455,-4.270511,20
1505,158,3272,7.46,55.856362,-4.270517,21
1510,158,3283,7.63,55.856263,-4.270512,21
1515,158,3293,7.69,55.856168,-4.270512,21
1520,158,3304,7.7,55.856073,-4.270514,21
1525,158,3314,7.59,55.855982,-4.270521,21
1530,158,3324,7.5,55.85589,-4.270524,22
1535,158,3334,7.44,55.855797,-4.270531,22
1540,158,3345,7.4,55.855705,-4.270537,22
1545,158,3354,7.36,55.855618,-4.270551,22
1550,158,3364,7.26,55.855528,-4.270559,22
1555,158,3375,7.18,55.855437,-4.270556,22
1560,158,3385,7.23,55.855345,-4.270556,22
1565,158,3395,7.27,55.855252,-4.270562,22
1570,158,3405,7.31,55.85516,-4.270567,22
1575,158,3416,7.37,55.855065,-4.270562,22
1580,158,3426,7.46,55.85497,-4.270572,22
1585,158,3436,7.48,55.85488,-4.270574,22
1590,158,3447,7.43,55.854787,-4.270587,22
1595,156,3457,7.39,55.854695,-4.270596,22
1600,156,3468,7.41,55.854598,-4.270592,22
1605,156,3479,7.52,55.854498,-4.270611,22
1610,156,3490,7.7,55.854402,-4.270616,22
1615,156,3501,7.78,55.854303,-4.270629,22
1620,156,3511,7.71,55.85421,-4.270662,22
1625,153,3522,7.69,55.854118,-4.270694,22
1630,153,3532,7.7,55.854023,-4.270722,22
1635,152,3543,7.59,55.853932,-4.270756,22
1640,152,3553,7.54,55.85384,-4.270794,22
1645,152,3564,7.5,55.853748,-4.270831,22
1650,152,3574,7.54,55.853657,-4.270867,22
1655,152,3585,7.57,55.853563,-4.270902,22
1660,152,3595,7.59,55.85347,-4.270932,22
1665,152,3606,7.6,55.853372,-4.270949,22
1670,152,3617,7.68,55.853277,-4.270957,22
1675,152,3627,7.68,55.853183,-4.270922,22
1680,152,3639,7.66,55.85308,-4.270891,22
1685,152,3650,7.75,55.852987,-4.270861,22
1690,152,3658,7.84,55.852915,-4.270831,22
1695,152,3670,7.64,55.852808,-4.270779,22
1700,152,3681,7.5,55.852718,-4.270714,22
1705,152,3691,7.54,55.852635,-4.270642,22
1710,152,3702,7.49,55.852552,-4.270549,22
1715,152,3712,7.56,55.852477,-4.270451,22
1720,152,3723,7.65,55.852405,-4.270341,22
1725,152,3733,7.58,55.852338,-4.270224,22
1730,153,3744,7.56,55.85228,-4.270094,20
1735,151,3754,7.65,55.852225,-4.269952,20
1740,151,3763,7.56,55.852183,-4.269837,20
1745,153,3776,7.57,55.852123,-4.269659,20
1750,157,3788,7.71,55.852075,-4.269491,20
1755,157,3798,7.96,55.852033,-4.269346,20
1760,158,3808,7.99,55.851998,-4.269187,20
1765,158,3817,7.73,55.851973,-4.269057,21
1770,158,3830,7.57,55.851957,-4.268857,23
1775,158,3841,7.61,55.851937,-4.268682,23
1780,158,3852,7.74,55.851923,-4.268509,23
1785,158,3860,7.81,55.851913,-4.268374,23
1790,158,3874,7.89,55.851897,-4.268161,23
1795,158,3884,7.99,55.851887,-4.267992,23
1800,158,3895,7.93,55.851868,-4.267824,23
1805,158,3906,7.73,55.85185,-4.267651,23
1810,158,3916,7.71,55.85184,-4.267486,23
1815,158,3925,7.7,55.851828,-4.267351,22
1820,158,3937,7.76,55.851792,-4.267177,22
1825,158,3950,7.91,55.851787,-4.266962,20
1830,158,3961,8.03,55.851775,-4.266787,18
1835,158,3972,8.05,55.851762,-4.266612,17
1840,158,3984,8.13,55.851732,-4.266432,17
1845,158,3995,8.22,55.851685,-4.266271,17
1845,158,3995,8.22,55.851685,-4.266271,17
1845,158,3995,8.22,55.851685,-4.266271,17
1845,158,3995,8.22,55.851685,-4.266271,17
1850,158,4006,7.98,55.851643,-4.266109,17
1855,158,4017,7.87,55.851595,-4.265962,17
1860,144,4026,7.99,55.851558,-4.265837,17
1865,148,4037,7.92,55.851498,-4.265691,17
1870,149,4048,7.67,55.851405,-4.265654,16
1875,149,4059,7.54,55.851302,-4.265636,15
1880,149,4071,7.69,55.851198,-4.265631,14
1885,149,4081,7.92,55.851105,-4.265651,14
1890,149,4089,7.85,55.851033,-4.265657,14
1895,149,4100,7.62,55.85094,-4.265681,14
1900,149,4112,7.46,55.85083,-4.265712,14
1905,149,4122,7.44,55.850738,-4.265741,14
1910,149,4132,7.44,55.850648,-4.265757,14
1915,149,4143,7.48,55.850555,-4.265797,14
1920,149,4151,7.42,55.850495,-4.265854,14
1925,149,4161,7.24,55.850407,-4.265901,14
1930,149,4175,7.21,55.850287,-4.265887,14
1935,149,4186,7.66,55.850198,-4.265952,10
1940,149,4202,8.4,55.850082,-4.265999,6
1945,149,4215,9.33,55.850002,-4.266142,4
1950,149,4224,9.62,55.84993,-4.266164,4
1955,152,4236,8.74,55.849828,-4.266234,4
1960,152,4247,7.96,55.849763,-4.266369,4
1965,156,4257,7.85,55.849755,-4.266531,4
1970,156,4267,7.81,55.849752,-4.266694,4
1975,156,4278,7.53,55.849755,-4.266861,5
1980,156,4288,7.4,55.849768,-4.267021,6
1985,156,4295,7.34,55.84978,-4.267137,6
1990,156,4305,7.12,55.849797,-4.267299,7
1995,156,4317,7.08,55.849818,-4.267487,8
2000,156,4328,7.27,55.849833,-4.267646,10
2005,156,4338,7.32,55.849847,-4.267812,11
2010,156,4347,7.27,55.849867,-4.267954,12
2015,156,4355,7.14,55.849873,-4.268077,12
2020,156,4368,7.04,55.849895,-4.268277,12
2025,156,4376,7.25,55.849912,-4.268406,12
2030,156,4389,7.42,55.849932,-4.268616,12
2035,156,4399,7.49,55.849942,-4.268776,12
2040,156,4411,7.69,55.849945,-4.268957,12
2045,156,4420,7.81,55.849947,-4.269106,12
2050,156,4430,7.91,55.849943,-4.269277,12
2055,158,4443,7.9,55.849947,-4.269484,12
2060,158,4452,7.82,55.849948,-4.269621,12
2065,158,4462,7.69,55.849945,-4.269789,12
2070,158,4473,7.6,55.849938,-4.269961,12
2075,158,4486,7.64,55.849937,-4.270159,12
2080,158,4496,7.64,55.849932,-4.270327,12
2085,158,4506,7.53,55.849935,-4.270491,12
2090,158,4516,7.41,55.849933,-4.270647,12
2095,160,4526,7.32,55.84993,-4.270811,11
2100,158,4536,7.26,55.84993,-4.270972,11
2105,157,4546,7.29,55.849933,-4.271131,11
2110,156,4555,7.26,55.849932,-4.271266,11
2115,157,4567,7.32,55.849932,-4.271466,11
2120,157,4577,7.39,55.84993,-4.271622,11
2125,157,4587,7.34,55.849923,-4.271789,11
2130,157,4596,7.28,55.849917,-4.271924,11
2135,157,4607,7.46,55.849913,-4.272097,11
2140,157,4619,7.66,55.849915,-4.272302,11
2145,157,4628,7.75,55.849913,-4.272437,11
2150,157,4638,7.55,55.84991,-4.272609,11
2155,157,4649,7.53,55.849905,-4.272776,11
2160,157,4661,7.58,55.849905,-4.272974,11
2165,158,4672,7.53,55.849897,-4.273141,11
2170,159,4681,7.47,55.849888,-4.273294,11
2175,159,4691,7.28,55.849883,-4.273449,11
2180,159,4701,7.15,55.849885,-4.273616,11
2185,159,4711,7.23,55.849892,-4.273776,11
2190,159,4720,7.3,55.849888,-4.273907,11
2195,159,4730,7.29,55.849888,-4.274072,11
2200,159,4742,7.34,55.849887,-4.274267,11
2205,159,4751,7.47,55.849885,-4.274411,11
2210,159,4764,7.62,55.849885,-4.274621,11
2215,159,4775,7.73,55.849875,-4.274791,11
2220,159,4785,7.76,55.84987,-4.274959,11
2225,159,4796,7.63,55.849867,-4.275132,11
2230,159,4807,7.62,55.849865,-4.275302,11
2235,159,4817,7.63,55.849862,-4.275476,12
2240,159,4828,7.78,55.849862,-4.275652,13
2245,159,4837,7.85,55.849868,-4.275786,14
2250,159,4848,7.72,55.849882,-4.275956,14
2255,155,4858,7.68,55.849885,-4.276126,15
2260,155,4871,7.67,55.849873,-4.276327,15
2265,155,4882,7.69,55.849865,-4.276502,15
2270,155,4892,7.78,55.849855,-4.276661,15
2275,155,4902,7.67,55.849852,-4.276832,15
2280,155,4911,7.5,55.849857,-4.276969,15
2285,155,4921,7.45,55.849862,-4.277132,15
2290,155,4932,7.48,55.84987,-4.277301,15
2295,155,4942,7.55,55.849897,-4.277461,15
2300,155,4953,7.58,55.849967,-4.277572,15
2305,155,4963,7.63,55.850047,-4.277659,15
2310,155,4977,7.6,55.850165,-4.277691,15
2315,155,4984,7.66,55.850227,-4.277666,15
2320,155,4998,7.64,55.850348,-4.277612,15
2321,155,4998,7.65,55.850348,-4.277612,15
2321,155,4998,7.65,55.850348,-4.277612,15
2321,155,4998,7.65,55.850348,-4.277612,15
2325,155,5006,7.6,55.850418,-4.277571,14
2330,155,5022,7.91,55.85056,-4.277529,11
2335,155,5035,8.46,55.850675,-4.277504,10
2340,155,5045,8.98,55.850758,-4.277496,10
2345,155,5056,8.86,55.850862,-4.277507,10
2350,155,5066,8.47,55.850953,-4.277509,10
2355,155,5077,8.03,55.851047,-4.277501,10
2360,155,5089,7.65,55.851155,-4.277492,10
2365,155,5098,7.45,55.851242,-4.277484,10
2370,155,5108,7.28,55.851327,-4.277476,10
2375,155,5116,7.11,55.851398,-4.277462,11
2380,155,5126,7.11,55.851492,-4.277449,11
2385,155,5136,7.19,55.851583,-4.277451,11
2390,156,5149,7.38,55.851693,-4.277464,11
2395,156,5162,7.81,55.851815,-4.277467,11
2400,156,5173,8.1,55.851907,-4.277494,11
2405,156,5181,7.89,55.85198,-4.277502,11
2410,156,5191,7.58,55.852075,-4.277516,13
2415,156,5202,7.54,55.852175,-4.277496,13
2420,156,5213,7.72,55.852268,-4.277489,13
2425,156,5225,7.71,55.85238,-4.277487,13
2430,156,5236,7.55,55.852477,-4.277474,13
2435,156,5247,7.6,55.852575,-4.277471,13
2440,156,5258,7.68,55.852672,-4.277472,13
2445,156,5266,7.81,55.85275,-4.277466,13
2450,156,5278,7.86,55.852852,-4.277464,13
2455,156,5287,7.7,55.852938,-4.277457,13
2460,156,5298,7.42,55.853035,-4.277442,11
2465,158,5308,7.13,55.853125,-4.277412,10
2470,158,5318,6.99,55.853215,-4.277387,10
2475,158,5327,7.03,55.853287,-4.277374,10
2480,158,5337,7.18,55.85338,-4.277361,10
2485,158,5347,7.29,55.853468,-4.277351,10
2490,158,5357,7.29,55.853562,-4.277351,10
2495,158,5367,7.32,55.853653,-4.277349,10
2500,158,5378,7.41,55.853707,-4.277474,10
2505,158,5389,7.35,55.853715,-4.277664,10
2510,158,5399,7.22,55.853722,-4.277819,11
2515,158,5408,7.13,55.853735,-4.277964,12
2520,158,5419,7.03,55.853752,-4.278126,14
2525,158,5427,7.08,55.853772,-4.278251,15
2530,158,5438,7.26,55.85377,-4.278431,16
2535,158,5451,7.63,55.853723,-4.278611,16
2540,158,5463,8.06,55.853705,-4.278809,16
2545,158,5474,8.06,55.853703,-4.278974,16
2550,158,5484,7.85,55.853692,-4.279141,16
2555,158,5492,7.68,55.85369,-4.279272,16
2560,158,5502,7.43,55.853685,-4.279431,16
2565,158,5512,7.28,55.853672,-4.279582,16
2570,158,5522,7.19,55.853662,-4.279739,16
2575,158,5533,7.15,55.853645,-4.279926,17
2580,158,5545,7.19,55.853598,-4.280087,17
2585,158,5554,7.49,55.853573,-4.280219,17
2590,158,5565,7.8,55.853548,-4.280389,17
2595,158,5575,7.77,55.853527,-4.280541,17
2600,158,5585,7.63,55.853507,-4.280711,17
2605,158,5598,7.58,55.85348,-4.280901,17
2610,158,5608,7.55,55.853462,-4.281059,17
2615,158,5619,7.51,55.85343,-4.281234,17
2620,158,5627,7.64,55.85341,-4.281361,17
2625,158,5637,7.64,55.853385,-4.281516,17
2630,158,5648,7.42,55.853353,-4.281677,17
2635,158,5661,7.49,55.853323,-4.281872,17
2640,158,5671,7.6,55.853302,-4.282032,17
2645,158,5681,7.5,55.85328,-4.282189,17
2650,158,5688,7.3,55.853267,-4.282302,17
2655,158,5698,7.02,55.853242,-4.282449,17
2660,158,5708,6.95,55.853212,-4.282597,17
2665,155,5719,7.06,55.853182,-4.282769,17
2670,155,5729,7.04,55.853162,-4.282932,17
2675,155,5740,7.09,55.853138,-4.283099,17
2680,155,5749,7.3,55.853118,-4.283237,17
2685,155,5760,7.55,55.853098,-4.283407,17
2690,155,5771,7.74,55.853073,-4.283577,17
2695,155,5785,7.89,55.853032,-4.283787,17
2700,155,5796,8.09,55.853002,-4.283954,17
2705,155,5806,8.07,55.852968,-4.284107,17
2710,155,5815,7.88,55.852942,-4.284242,17
2715,155,5825,7.71,55.852915,-4.284399,17
2720,155,5835,7.55,55.85289,-4.284554,17
2725,155,5847,7.4,55.852855,-4.284734,17
2730,155,5857,7.28,55.852828,-4.284887,17
2735,155,5867,7.29,55.852802,-4.285049,17
2740,155,5876,7.4,55.852782,-4.285177,17
2745,155,5885,7.42,55.852758,-4.285329,17
2750,155,5898,7.37,55.852728,-4.285522,17
2755,155,5909,7.37,55.852698,-4.285686,17
2760,155,5917,7.39,55.85268,-4.285809,17
2765,155,5926,7.31,55.85266,-4.285962,17
2770,155,5936,7.21,55.852638,-4.286111,17
2775,155,5946,7.1,55.852618,-4.286266,17
2780,155,5957,7.12,55.852597,-4.286446,17
2785,155,5967,7.12,55.852575,-4.286594,17
2790,155,5975,7.03,55.85256,-4.286721,17
2795,155,5985,7.0,55.85254,-4.286877,17
2800,155,5996,7.08,55.852525,-4.287042,17
2801,155,5998,7.1,55.852522,-4.287076,17
2801,155,5998,7.1,55.852522,-4.287076,17
2801,155,5998,7.1,55.852522,-4.287076,17
2805,155,6006,7.15,55.852508,-4.287202,17
2810,155,6018,7.28,55.852485,-4.287396,17
2815,155,6026,7.39,55.85247,-4.287527,17
2820,155,6037,7.5,55.852457,-4.287701,17
2825,155,6048,7.6,55.852433,-4.287866,17
2830,155,6059,7.68,55.852415,-4.288034,17
2835,155,6069,7.67,55.852403,-4.288194,17
2840,155,6079,7.45,55.852385,-4.288351,17
2845,155,6090,7.35,55.852368,-4.288526,17
2850,155,6101,7.64,55.852353,-4.288711,17
2855,155,6112,7.93,55.85234,-4.288882,17
2860,155,6125,7.89,55.85232,-4.289086,17
2865,155,6134,7.87,55.852307,-4.289221,17
2870,155,6144,7.87,55.852288,-4.289389,17
2875,155,6154,7.7,55.852237,-4.289489,16
2880,155,6165,7.54,55.852233,-4.289647,15
2885,155,6178,7.57,55.852238,-4.289847,15
2890,155,6189,7.79,55.852228,-4.290021,14
2895,155,6197,7.8,55.852222,-4.290156,14
2900,155,6207,7.63,55.85222,-4.290311,12
2905,155,6218,7.45,55.852208,-4.290479,12
2910,155,6228,7.39,55.852202,-4.290642,12
2915,155,6238,7.36,55.85219,-4.290799,12
2920,155,6250,7.34,55.852178,-4.290994,12
2925,155,6258,7.33,55.852163,-4.291124,12
2930,155,6269,7.37,55.852143,-4.291287,12
2935,155,6279,7.41,55.852128,-4.291457,12
2940,155,6289,7.49,55.852117,-4.291616,12
2945,155,6302,7.4,55.8521,-4.291814,12
2950,155,6310,7.42,55.852092,-4.291946,12
2955,155,6320,7.51,55.85209,-4.292099,12
2960,155,6329,7.3,55.852082,-4.292251,12
2965,155,6339,7.05,55.85207,-4.292406,12
2970,155,6349,6.95,55.852058,-4.292557,12
2975,155,6359,6.99,55.852043,-4.292724,12
2980,155,6371,7.21,55.852025,-4.292919,12
2985,155,6380,7.39,55.852017,-4.293052,12
2990,155,6390,7.42,55.852,-4.293212,12
2995,155,6401,7.36,55.851985,-4.293381,12
3000,89,6411,7.41,55.85197,-4.293541,12
3005,82,6420,7.43,55.851952,-4.293694,12
3010,81,6431,7.29,55.851938,-4.293861,12
3015,74,6442,7.39,55.851917,-4.294037,12
3020,70,6453,7.63,55.8519,-4.294204,12
3025,75,6465,7.74,55.851887,-4.294404,12
3030,78,6475,7.67,55.851877,-4.294564,12
3035,75,6483,7.52,55.851868,-4.294692,12
3040,70,6494,7.42,55.851848,-4.294857,12
3045,69,6505,7.46,55.851827,-4.295026,12
3050,69,6517,7.54,55.851822,-4.295219,12
3055,77,6527,7.52,55.851813,-4.295376,12
3060,78,6536,7.35,55.8518,-4.295521,13
3065,78,6548,7.45,55.851772,-4.295706,13
3070,78,6558,7.78,55.851758,-4.295861,13
3075,73,6568,7.85,55.851738,-4.296029,13
3080,76,6580,7.76,55.851718,-4.296221,13
3085,80,6589,7.67,55.8517,-4.296352,13
3090,82,6599,7.54,55.851678,-4.296507,13
3095,83,6609,7.34,55.851658,-4.296661,13
3100,78,6619,7.22,55.85164,-4.296822,12
3105,72,6629,7.2,55.851622,-4.296976,12
3110,71,6639,7.16,55.851605,-4.297131,11
3115,79,6649,7.17,55.851583,-4.297294,11
3120,74,6660,7.36,55.851567,-4.297461,11
3125,68,6670,7.55,55.851535,-4.297617,11
3130,73,6682,7.58,55.851513,-4.297807,11
3135,73,6691,7.51,55.851492,-4.297944,11
3140,80,6700,7.44,55.85146,-4.298077,11
3145,83,6710,7.23,55.851437,-4.298227,11
3150,80,6720,6.99,55.851417,-4.298379,11
3155,84,6731,6.96,55.851397,-4.298551,11
3160,84,6739,6.96,55.851375,-4.298682,11
3165,82,6750,7.08,55.851337,-4.298839,11
3170,84,6760,7.3,55.851305,-4.298996,11
3175,91,6773,7.53,55.851268,-4.299187,11
3180,89,6783,7.65,55.851237,-4.299334,11
3185,89,6791,7.48,55.851213,-4.299464,11
3190,91,6802,7.31,55.851182,-4.299627,11
3195,91,6813,7.45,55.851157,-4.299791,11
3200,99,6823,7.56,55.85113,-4.299946,11
3205,99,6833,7.48,55.851108,-4.300104,11
3210,101,6843,7.4,55.851082,-4.300266,11
3215,101,6853,7.44,55.851062,-4.300416,11
3220,101,6863,7.45,55.851035,-4.300577,11
3225,101,6874,7.35,55.851013,-4.300736,11
3230,105,6884,7.3,55.850995,-4.300894,12
3235,105,6894,7.29,55.850973,-4.301051,12
3240,87,6903,7.33,55.85095,-4.301199,13
3245,85,6914,7.31,55.850918,-4.301352,14
3250,83,6924,7.19,55.850893,-4.301509,16
3255,81,6935,7.21,55.850867,-4.301676,17
3260,85,6945,7.43,55.850848,-4.301844,17
3265,82,6954,7.47,55.850838,-4.301984,17
3270,82,6964,7.24,55.850825,-4.302144,17
3275,89,6975,7.13,55.850808,-4.302314,17
3280,90,6985,7.29,55.85079,-4.302469,17
3285,91,6996,7.4,55.850773,-4.302637,18
3285,91,6996,7.4,55.850773,-4.302637,18
3285,91,6996,7.4,55.850773,-4.302637,18
3285,91,6996,7.4,55.850773,-4.302637,18
3290,90,7005,7.42,55.850762,-4.302792,18
3295,90,7016,7.44,55.850748,-4.302966,19
3300,90,7026,7.43,55.850737,-4.303117,20
3305,90,7036,7.38,55.850717,-4.303269,21
3310,85,7049,7.4,55.850687,-4.303481,21
3315,90,7057,7.54,55.850682,-4.303602,21
3320,93,7067,7.45,55.85067,-4.303761,22
3325,93,7077,7.17,55.850653,-4.303914,22
3330,93,7087,7.12,55.850638,-4.304072,24
3335,93,7096,7.16,55.850623,-4.304227,25
3340,93,7106,7.14,55.850608,-4.304379,26
3345,106,7116,7.04,55.850587,-4.304532,27
3350,106,7126,7.07,55.850573,-4.304691,28
3355,106,7136,7.15,55.850567,-4.304851,29
3360,106,7147,7.25,55.850545,-4.305019,29
3365,106,7157,7.38,55.850528,-4.305181,30
3370,106,7167,7.49,55.850507,-4.305339,30
3375,106,7177,7.41,55.850485,-4.305487,30
3380,106,7186,7.21,55.850473,-4.305639,30
3385,106,7196,7.05,55.850452,-4.305792,30
3390,106,7206,7.01,55.850442,-4.305947,30
3395,106,7215,6.97,55.850435,-4.306092,28
3400,106,7224,6.83,55.850435,-4.306231,25
3405,106,7233,6.63,55.850427,-4.306379,25
3410,106,7243,6.55,55.850408,-4.306532,25
3415,106,7253,6.83,55.850393,-4.306696,25
3420,79,7265,7.19,55.850372,-4.306884,25
3425,79,7273,7.26,55.850353,-4.307001,25
3430,78,7283,7.1,55.850335,-4.307159,25
3435,78,7293,7.04,55.850323,-4.307329,25
3440,73,7303,7.26,55.850308,-4.307484,25
3445,66,7313,7.33,55.850293,-4.307646,25
3450,66,7323,7.21,55.850277,-4.307792,25
3455,77,7332,7.09,55.85026,-4.307941,25
3460,72,7342,6.95,55.850242,-4.308096,25
3465,67,7352,6.97,55.850227,-4.308254,25
3470,69,7362,7.14,55.850217,-4.308414,25
3475,77,7371,7.2,55.850215,-4.308557,25
3480,78,7382,7.09,55.850205,-4.308726,25
3485,81,7392,7.09,55.850187,-4.308882,25
3490,82,7402,7.19,55.850173,-4.309042,25
3495,82,7412,7.21,55.850147,-4.309199,25
3500,82,7422,7.27,55.850117,-4.309356,25
3505,82,7432,7.34,55.850093,-4.309511,25
3510,82,7442,7.26,55.850075,-4.309656,25
3515,82,7451,7.1,55.85005,-4.309807,25
3520,82,7461,7.03,55.850025,-4.309961,25
3525,82,7472,7.11,55.85,-4.310117,27
3530,82,7484,7.22,55.849965,-4.310307,28
3535,82,7493,7.4,55.849937,-4.310437,29
3540,82,7503,7.47,55.849907,-4.310591,29
3545,82,7514,7.45,55.849878,-4.310762,29
3550,80,7526,7.74,55.849812,-4.310906,29
3555,80,7536,7.97,55.84973,-4.310871,28
3560,80,7544,7.68,55.849675,-4.310777,27
3565,80,7553,7.06,55.849603,-4.310706,25
3570,80,7562,6.67,55.849542,-4.310616,25
3575,96,7572,6.57,55.849468,-4.310529,25
3580,96,7581,6.69,55.849397,-4.310442,25
3585,96,7591,6.87,55.849325,-4.310349,25
3590,96,7600,6.93,55.849255,-4.310269,25
3595,96,7609,6.83,55.849188,-4.310191,25
3600,96,7619,6.64,55.849112,-4.310116,25
3605,96,7629,6.7,55.849032,-4.310041,25
3610,96,7640,7.03,55.848945,-4.309954,25
3615,96,7650,7.33,55.848868,-4.309894,25
3620,96,7660,7.31,55.848785,-4.309827,25
3625,105,7670,7.2,55.848707,-4.309746,25
3630,105,7680,7.21,55.848627,-4.309677,25
3635,105,7689,7.14,55.848547,-4.309614,26
3640,89,7700,7.1,55.848457,-4.309567,26
3645,82,7711,7.29,55.848363,-4.309512,27
3650,82,7721,7.5,55.84827,-4.309481,28
3655,84,7732,7.57,55.848175,-4.309464,29
3660,84,7744,7.63,55.84807,-4.309439,29
3665,84,7755,7.83,55.847972,-4.309456,29
3670,84,7765,7.96,55.84788,-4.309494,29
3675,84,7776,7.85,55.84779,-4.309554,29
3680,84,7785,7.7,55.847715,-4.309632,29
3685,84,7795,7.46,55.847643,-4.309717,29
3690,86,7804,7.17,55.84757,-4.309792,29
3695,88,7814,6.97,55.847492,-4.309857,29
3700,85,7824,6.93,55.847412,-4.309916,29
3705,80,7833,6.95,55.84734,-4.309996,29
3710,78,7843,6.85,55.847265,-4.310074,29
3715,75,7856,7.02,55.847157,-4.310151,29
3720,73,7866,7.63,55.847067,-4.310184,28
3725,74,7877,7.98,55.846965,-4.310194,26
3730,74,7888,7.92,55.846873,-4.310179,25
3735,59,7898,7.73,55.846783,-4.310171,25
3740,57,7908,7.49,55.846688,-4.310151,25
3745,57,7918,7.42,55.846605,-4.310139,25
3750,66,7927,7.28,55.846517,-4.310122,25
3755,66,7937,7.1,55.846433,-4.310101,25
3760,77,7946,6.98,55.846348,-4.310087,25
3765,75,7955,6.8,55.846275,-4.310079,25
3770,75,7963,6.55,55.846197,-4.310051,25
3775,65,7973,6.43,55.84611,-4.310026,25
3780,70,7983,6.58,55.846022,-4.310007,25
3785,74,7992,6.77,55.845938,-4.309992,25
3788,76,7998,6.82,55.845887,-4.309977,25
3788,76,7998,6.82,55.845887,-4.309977,25
3788,76,7998,6.82,55.845887,-4.309977,25
3790,77,8001,6.83,55.845858,-4.309964,25
3795,76,8011,6.77,55.84577,-4.309947,25
3800,76,8023,6.9,55.845667,-4.309934,25
3805,76,8032,7.24,55.845583,-4.309912,25
3810,76,8042,7.34,55.845497,-4.309879,25
3815,65,8051,7.08,55.845418,-4.309859,26
3820,65,8060,6.8,55.845335,-4.309831,26
3825,77,8070,6.73,55.845247,-4.309806,27
3830,77,8081,6.92,55.845153,-4.309781,27
3835,77,8091,7.15,55.84506,-4.309769,27
3840,82,8101,7.3,55.844968,-4.309752,27
3845,84,8111,7.37,55.844877,-4.309736,27
3850,82,8122,7.38,55.844785,-4.309701,27
3855,79,8132,7.42,55.844693,-4.309656,27
3860,80,8141,7.38,55.844617,-4.309606,27
3865,82,8151,7.13,55.844538,-4.309562,27
3870,80,8160,6.84,55.84446,-4.309524,27
3875,78,8169,6.72,55.84438,-4.309482,27
3880,80,8179,6.64,55.844298,-4.309426,27
3885,79,8189,6.77,55.844207,-4.309369,27
3890,81,8200,7.15,55.844113,-4.309322,27
3895,84,8210,7.41,55.844032,-4.309262,27
3900,84,8220,7.42,55.843943,-4.309206,27
3905,84,8231,7.41,55.843855,-4.309151,27
3910,84,8240,7.37,55.843777,-4.309111,27
3915,83,8250,7.17,55.843688,-4.309061,27
3920,84,8260,7.06,55.843603,-4.309012,27
3925,82,8270,7.12,55.843518,-4.308966,27
3930,82,8281,7.19,55.843422,-4.308926,27
3935,84,8292,7.43,55.843328,-4.308906,27
3940,87,8302,7.58,55.843233,-4.308896,27
3945,83,8312,7.56,55.843143,-4.308886,27
3950,83,8322,7.42,55.843052,-4.308879,25
3955,84,8332,7.32,55.842963,-4.308889,25
3960,88,8342,7.2,55.842878,-4.308911,25
3965,88,8352,7.11,55.842788,-4.308931,25
3970,88,8362,7.1,55.8427,-4.308937,25
3975,88,8371,7.07,55.842613,-4.308957,25
3980,88,8381,7.05,55.842523,-4.308977,25
3985,88,8392,7.13,55.842432,-4.309002,25
3990,88,8401,7.22,55.842345,-4.309027,25
3995,83,8412,7.21,55.842252,-4.309041,25
4000,83,8422,7.26,55.84216,-4.309061,25
4005,83,8431,7.25,55.84208,-4.309081,25
4010,82,8441,7.07,55.841993,-4.309097,25
4015,82,8451,6.93,55.841902,-4.309081,25
4020,80,8462,7.06,55.841805,-4.309064,25
4025,80,8473,7.4,55.841707,-4.309029,25
4030,80,8483,7.64,55.841618,-4.309002,25
4035,80,8494,7.59,55.84152,-4.308956,25
4040,73,8503,7.6,55.841437,-4.308924,25
4045,73,8512,7.45,55.841362,-4.308872,25
4050,73,8522,7.0,55.84128,-4.308829,25
4055,73,8531,6.76,55.841198,-4.308787,25
4060,82,8541,6.78,55.841112,-4.308744,25
4065,98,8552,6.96,55.841018,-4.308721,25
4070,103,8561,7.16,55.840933,-4.308711,25
4075,103,8571,7.16,55.840848,-4.308696,25
4080,103,8581,6.99,55.840755,-4.308696,25
4085,103,8591,6.99,55.84067,-4.308701,25
4090,103,8601,7.09,55.840572,-4.308717,25
4095,103,8613,7.36,55.840472,-4.308722,25
4100,103,8623,7.61,55.840383,-4.308744,25
4105,103,8632,7.5,55.840295,-4.308754,25
4110,103,8643,7.37,55.840195,-4.308761,25
4115,103,8653,7.44,55.84011,-4.308772,25
4120,103,8663,7.38,55.840022,-4.308787,25
4125,103,8673,7.19,55.839933,-4.308797,25
4130,103,8683,7.13,55.839842,-4.308829,25
4135,87,8693,7.21,55.839752,-4.308819,25
4140,87,8703,7.26,55.839658,-4.308802,25
4145,87,8714,7.3,55.839565,-4.308764,25
4150,87,8725,7.45,55.839473,-4.308714,25
4155,70,8733,7.45,55.839402,-4.308667,25
4160,70,8742,7.08,55.839332,-4.308616,25
4165,70,8751,6.58,55.839263,-4.308537,25
4170,65,8761,6.47,55.839185,-4.308459,26
4175,65,8769,6.64,55.839122,-4.308376,26
4180,66,8778,6.63,55.839058,-4.308301,26
4185,66,8787,6.43,55.838988,-4.308219,26
4190,66,8796,6.43,55.838927,-4.308116,26
4195,66,8807,6.63,55.838862,-4.307997,26
4200,66,8816,6.87,55.838805,-4.307882,26
4205,66,8826,7.01,55.83875,-4.307772,26
4210,66,8834,6.83,55.838702,-4.307667,26
4215,69,8843,6.59,55.838652,-4.307547,26
4220,70,8854,6.6,55.838595,-4.307417,26
4225,72,8866,6.93,55.838535,-4.307262,26
4230,79,8877,7.48,55.83848,-4.307111,25
4235,78,8886,7.81,55.838448,-4.306971,25
4240,77,8897,7.69,55.838407,-4.306814,24
4245,75,8908,7.52,55.838368,-4.306659,23
4250,74,8918,7.55,55.83833,-4.306509,22
4255,76,8927,7.5,55.838298,-4.306369,21
4260,81,8938,7.38,55.838253,-4.306214,20
4265,88,8949,7.38,55.83822,-4.306057,20
4270,87,8960,7.58,55.838195,-4.305886,20
4275,89,8970,7.7,55.838165,-4.305732,20
4280,89,8980,7.62,55.838122,-4.305592,20
4285,89,8989,7.35,55.838092,-4.305456,20
4290,89,8998,7.11,55.838063,-4.305322,19
4290,89,8998,7.11,55.838063,-4.305322,19
4290,89,8998,7.11,55.838063,-4.305322,19
4290,89,8998,7.11,55.838063,-4.305322,19
4295,75,9007,6.81,55.838028,-4.305192,19
4300,75,9018,6.75,55.837977,-4.305044,18
4305,75,9028,7.07,55.837938,-4.304901,18
4310,75,9040,7.4,55.837875,-4.304752,18
4315,75,9049,7.56,55.837823,-4.304651,18
4320,75,9060,7.37,55.837758,-4.304514,17
4325,65,9071,7.31,55.837677,-4.304401,16
4330,65,9083,7.8,55.837598,-4.304279,16
4335,65,9094,8.12,55.837518,-4.304162,16
4340,65,9105,8.13,55.83745,-4.304052,16
4345,65,9115,7.92,55.83738,-4.303937,16
4350,65,9127,7.74,55.83731,-4.303806,16
4355,57,9138,7.81,55.837238,-4.303681,16
4360,57,9147,7.85,55.837177,-4.303572,16
4365,57,9157,7.61,55.837117,-4.303466,16
4370,57,9166,7.22,55.837067,-4.303347,16
4375,60,9176,6.93,55.837007,-4.303234,16
4380,57,9185,6.88,55.836967,-4.303104,16
4385,57,9196,6.98,55.836905,-4.302964,17
4390,57,9207,7.28,55.83684,-4.302829,18
4395,63,9219,7.69,55.836773,-4.302689,19
4400,76,9229,7.83,55.836725,-4.302559,19
4405,78,9239,7.72,55.836677,-4.302421,20
4410,81,9248,7.47,55.836637,-4.302289,20
4415,81,9258,7.18,55.836588,-4.302157,20
4420,89,9268,7.03,55.836542,-4.302021,21
4425,94,9279,7.13,55.83649,-4.301871,21
4430,95,9289,7.33,55.836452,-4.301726,22
4435,95,9299,7.45,55.836397,-4.301597,22
4440,88,9308,7.35,55.836338,-4.301486,22
4445,83,9318,7.17,55.836285,-4.301367,22
4450,83,9329,7.11,55.836217,-4.301237,22
4455,75,9341,7.4,55.836138,-4.301102,22
4460,73,9352,7.86,55.836072,-4.300967,22
4465,73,9363,8.04,55.836008,-4.300842,22
4470,70,9374,7.91,55.835943,-4.300716,22
4475,70,9384,7.82,55.83588,-4.300587,22
4480,70,9394,7.69,55.835823,-4.300479,22
4485,70,9403,7.34,55.835767,-4.300366,22
4490,70,9413,7.04,55.835703,-4.300249,23
4495,80,9423,7.06,55.835648,-4.300119,24
4500,84,9433,7.22,55.835598,-4.299984,24
4505,82,9443,7.27,55.83555,-4.299849,25
4510,80,9454,7.25,55.835493,-4.299719,25
4515,80,9465,7.39,55.835433,-4.299569,26
4520,84,9476,7.64,55.83538,-4.299432,26
4525,81,9487,7.76,55.835323,-4.299287,26
4530,81,9498,7.75,55.835277,-4.299132,26
4535,82,9508,7.81,55.835227,-4.298984,26
4540,83,9520,7.9,55.835175,-4.298817,26
4545,90,9531,8.07,55.835133,-4.298664,26
4550,94,9541,8.03,55.83509,-4.298517,26
4555,99,9552,7.77,55.83505,-4.298364,26
4560,100,9564,7.72,55.835002,-4.298197,25
4565,99,9575,7.93,55.834965,-4.298036,25
4570,99,9586,8.08,55.834928,-4.297866,25
4575,99,9596,7.98,55.834897,-4.297716,24
4580,85,9607,7.82,55.834862,-4.297542,23
4585,87,9620,7.95,55.834825,-4.297346,23
4590,91,9632,8.44,55.834757,-4.297207,22
4595,89,9645,8.73,55.834655,-4.297104,22
4600,89,9657,8.85,55.834572,-4.297001,22
4605,89,9667,8.66,55.834498,-4.296904,22
4610,89,9677,8.08,55.834423,-4.296822,22
4615,89,9684,7.43,55.834363,-4.296759,22
4620,67,9694,6.87,55.834288,-4.296672,22
4625,72,9703,6.67,55.834215,-4.296611,22
4630,80,9714,6.77,55.834123,-4.296549,22
4635,80,9725,7.07,55.834027,-4.296491,20
4640,81,9737,7.57,55.83393,-4.296426,19
4645,80,9748,7.95,55.833833,-4.296376,19
4650,80,9759,8.01,55.833745,-4.296321,19
4655,80,9769,7.88,55.833653,-4.296281,19
4660,80,9780,7.7,55.83356,-4.296246,19
4665,70,9791,7.71,55.833462,-4.296202,19
4670,70,9801,7.72,55.833375,-4.296162,19
4675,79,9810,7.58,55.833292,-4.296121,19
4680,82,9820,7.28,55.833208,-4.296087,19
4685,84,9831,7.11,55.833115,-4.296049,19
4690,84,9841,7.22,55.833018,-4.296026,19
4695,84,9852,7.43,55.832928,-4.296004,19
4700,84,9861,7.42,55.832845,-4.295972,19
4705,84,9870,7.2,55.832763,-4.295956,19
4710,84,9879,6.93,55.832682,-4.295952,19
4715,90,9889,6.69,55.832597,-4.295946,19
4720,90,9897,6.63,55.832523,-4.295956,19
4725,90,9907,6.55,55.832435,-4.295956,19
4730,90,9916,6.54,55.832348,-4.295939,19
4735,90,9926,6.75,55.832262,-4.295932,19
4740,83,9936,6.91,55.832173,-4.295921,19
4745,84,9946,7.01,55.832087,-4.295901,19
4750,84,9955,7.03,55.832003,-4.295894,19
4755,88,9964,6.89,55.83192,-4.295902,19
4760,95,9974,6.77,55.831828,-4.295902,19
4765,96,9985,6.93,55.831733,-4.295899,19
4770,81,9996,7.28,55.83163,-4.295904,19
4771,78,9999,7.36,55.831608,-4.295909,19
4771,78,9999,7.36,55.831608,-4.295909,19
4771,78,9999,7.36,55.831608,-4.295909,19
4775,75,10009,7.7,55.831518,-4.295911,19
4780,69,10021,8.21,55.831412,-4.295922,19
4785,69,10032,8.48,55.831317,-4.295977,19
4790,69,10042,8.36,55.831327,-4.296131,19
4795,65,10052,7.98,55.831357,-4.296282,19
4800,67,10062,7.56,55.831378,-4.296429,19
4805,67,10071,7.21,55.831402,-4.296571,19
4810,67,10081,6.99,55.831433,-4.296719,19
4815,67,10090,6.9,55.831468,-4.296854,19
4820,67,10100,6.9,55.831498,-4.297001,19
4825,78,10109,6.92,55.831523,-4.297147,19
4830,78,10119,6.97,55.831558,-4.297287,19
4835,78,10129,6.95,55.831587,-4.297431,19
4840,79,10138,6.87,55.831612,-4.297574,19
4845,79,10148,6.84,55.83165,-4.297716,19
4850,80,10158,6.91,55.831682,-4.297861,19
4855,81,10167,6.96,55.83171,-4.298007,19
4860,86,10177,6.99,55.831743,-4.298156,19
4865,87,10188,7.11,55.831777,-4.298317,17
4870,87,10198,7.31,55.831807,-4.298476,16
4875,95,10208,7.42,55.831853,-4.298609,14
4880,97,10218,7.33,55.831882,-4.298752,12
4885,97,10227,7.08,55.831925,-4.298876,10
4890,97,10236,6.9,55.831953,-4.299016,8
4895,97,10246,6.89,55.831977,-4.299174,5
4900,94,10257,7.04,55.831995,-4.299342,3
4905,91,10269,7.36,55.83198,-4.299532,3
4910,84,10281,7.83,55.831947,-4.299707,3
4915,84,10291,8.14,55.8319,-4.299857,3
4920,81,10302,8.07,55.831843,-4.299999,3
4925,81,10314,7.99,55.831775,-4.300147,3
4930,79,10324,8.04,55.831713,-4.300269,3
4935,77,10335,8.0,55.83165,-4.300404,3
4940,77,10345,7.83,55.831603,-4.300539,4
4945,77,10356,7.6,55.831545,-4.300666,6
4950,77,10366,7.42,55.831475,-4.300777,7
4955,77,10376,7.46,55.83142,-4.300907,8
4960,83,10386,7.46,55.831377,-4.301037,9
4965,82,10395,7.2,55.83133,-4.301161,10
4970,82,10404,6.91,55.831277,-4.301269,11
4975,82,10413,6.75,55.831227,-4.301391,12
4980,85,10423,6.69,55.831173,-4.301504,13
4985,81,10432,6.67,55.831122,-4.301629,13
4990,83,10443,6.86,55.831057,-4.301766,13
4995,84,10454,7.29,55.831007,-4.301914,14
5000,88,10464,7.58,55.830975,-4.302061,15
5005,88,10473,7.4,55.830942,-4.302182,16
5010,90,10481,6.96,55.830908,-4.302301,16
5015,90,10488,6.46,55.830898,-4.302412,16
5020,90,10497,6.0,55.83087,-4.302539,16
5025,79,10507,5.99,55.830832,-4.302687,16
5030,79,10518,6.5,55.830787,-4.302839,16
5035,79,10528,7.08,55.830747,-4.302992,16
5040,79,10539,7.41,55.8307,-4.303142,16
5045,70,10551,7.63,55.830647,-4.303307,16
5050,69,10562,7.89,55.830602,-4.303466,16
5055,72,10572,7.97,55.830562,-4.303602,16
5060,72,10582,7.73,55.830523,-4.303762,16
5065,70,10593,7.6,55.830498,-4.303917,16
5070,70,10603,7.58,55.830453,-4.304056,16
5075,70,10612,7.4,55.83041,-4.304177,16
5080,79,10621,7.07,55.830348,-4.304286,15
5085,75,10629,6.76,55.830292,-4.304362,14
5090,77,10639,6.58,55.830212,-4.304419,12
5095,82,10650,6.63,55.830117,-4.304469,12
5100,82,10662,7.1,55.83002,-4.304549,12
5105,82,10672,7.62,55.82995,-4.304652,12
5110,82,10683,7.79,55.829912,-4.304807,12
5115,82,10694,7.71,55.829908,-4.304981,12
5120,82,10703,7.65,55.829903,-4.305134,12
5125,77,10713,7.47,55.82991,-4.305287,12
5130,77,10723,7.24,55.829913,-4.305447,12
5135,77,10732,7.11,55.829917,-4.305599,12
5140,77,10742,7.05,55.82991,-4.305752,13
5145,77,10752,6.98,55.829907,-4.305904,14
5150,91,10761,6.92,55.829902,-4.306052,14
5155,98,10770,6.82,55.829902,-4.306201,15
5160,98,10779,6.7,55.829902,-4.306341,16
5165,99,10788,6.59,55.829903,-4.306489,17
5170,99,10799,6.63,55.829907,-4.306659,18
5175,99,10808,6.89,55.82991,-4.306807,18
5180,99,10817,6.98,55.829908,-4.306954,18
5185,99,10827,6.84,55.829913,-4.307107,18
5190,95,10837,6.85,55.829917,-4.307274,18
5195,88,10848,7.07,55.829928,-4.307441,18
5200,88,10857,7.26,55.829937,-4.307592,18
5205,88,10866,7.16,55.82994,-4.307736,18
5210,81,10875,6.87,55.829945,-4.307879,18
5215,84,10884,6.66,55.82995,-4.308027,18
5220,83,10894,6.63,55.829947,-4.308181,18
5225,83,10903,6.73,55.829943,-4.308332,18
5230,88,10913,6.81,55.829957,-4.308479,18
5235,88,10922,6.79,55.82997,-4.308629,18
5240,91,10932,6.82,55.829972,-4.308784,19
5245,91,10942,6.87,55.829973,-4.308941,20
5250,84,10952,6.95,55.829972,-4.309106,22
5255,85,10962,7.12,55.829975,-4.309267,23
5260,83,10972,7.26,55.829982,-4.309422,25
5265,83,10981,7.14,55.829983,-4.309559,26
5270,83,10990,6.88,55.829972,-4.309707,27
5275,67,11000,6.72,55.829967,-4.309862,28
5275,67,11000,6.72,55.829967,-4.309862,28
5275,67,11000,6.72,55.829967,-4.309862,28
5275,67,11000,6.72,55.829967,-4.309862,28
5280,67,11008,6.74,55.829967,-4.309987,29
5285,67,11017,6.66,55.829945,-4.310134,29
5290,67,11026,6.53,55.829907,-4.310262,29
5295,66,11038,6.63,55.829838,-4.310391,29
5300,66,11048,7.04,55.829772,-4.310511,29
5305,66,11061,7.58,55.82967,-4.310596,29
5310,79,11070,7.95,55.829583,-4.310614,29
5315,78,11080,7.82,55.8295,-4.310641,29
5320,75,11090,7.32,55.82941,-4.310671,29
5325,81,11100,7.14,55.829323,-4.310722,29
5330,87,11110,7.25,55.829238,-4.310764,29
5335,87,11120,7.22,55.82916,-4.310829,29
5340,87,11131,7.18,55.829065,-4.310897,28
5345,87,11141,7.35,55.828978,-4.310951,27
5350,87,11152,7.55,55.82889,-4.311004,27
5355,99,11163,7.56,55.828798,-4.311081,25
5360,98,11173,7.63,55.828743,-4.311202,25
5365,98,11181,7.49,55.828727,-4.311329,25
5370,89,11190,6.99,55.82873,-4.311472,25
5375,89,11198,6.56,55.82873,-4.311602,25
5380,89,11208,6.45,55.82874,-4.311759,24
5385,89,11217,6.54,55.828755,-4.311902,23
5390,89,11225,6.61,55.82876,-4.312029,22
5395,89,11235,6.46,55.828777,-4.312182,22
5400,89,11245,6.52,55.828777,-4.312341,20
5405,79,11255,6.83,55.82877,-4.312504,20
5410,79,11267,7.14,55.828768,-4.312682,20
5415,79,11276,7.39,55.828768,-4.312834,19
5420,79,11286,7.39,55.828775,-4.312994,19
5425,79,11295,7.15,55.828785,-4.313131,19
5430,79,11305,6.94,55.828787,-4.313297,19
5435,78,11316,7.02,55.828782,-4.313462,19
5440,78,11325,7.22,55.828775,-4.313619,18
5445,84,11336,7.31,55.828777,-4.313792,18
5450,88,11347,7.42,55.82878,-4.313962,18
5455,88,11356,7.51,55.82878,-4.314112,18
5460,92,11365,7.27,55.828777,-4.314254,18
5465,92,11375,6.91,55.82878,-4.314407,18
5470,95,11384,6.77,55.828783,-4.314557,18
5475,92,11394,6.84,55.828795,-4.314712,18
5480,92,11404,6.93,55.82879,-4.314876,18
5485,84,11414,7.04,55.82879,-4.315027,18
5490,76,11424,7.1,55.828782,-4.315191,18
5495,81,11434,7.12,55.828782,-4.315346,18
5500,79,11444,7.16,55.828785,-4.315506,18
5505,82,11453,7.14,55.828788,-4.315657,18
5510,84,11463,7.07,55.828788,-4.315819,18
5515,83,11472,7.0,55.82878,-4.315962,18
5520,84,11481,6.89,55.828787,-4.316109,18
5525,77,11491,6.74,55.828783,-4.316262,18
5530,80,11501,6.76,55.828783,-4.316417,18
5535,80,11511,6.94,55.828773,-4.316584,17
5540,80,11522,7.17,55.82877,-4.316752,17
5545,80,11533,7.42,55.828758,-4.316931,17
5550,80,11544,7.67,55.828742,-4.317109,17
5555,80,11555,7.86,55.828735,-4.317281,16
5560,69,11566,7.92,55.828737,-4.317456,16
5565,69,11576,7.84,55.828763,-4.317604,14
5570,69,11586,7.59,55.828818,-4.317724,14
5575,69,11596,7.29,55.828888,-4.317827,14
5580,78,11605,7.19,55.82895,-4.317929,14
5585,79,11615,7.09,55.829017,-4.318032,12
5590,77,11622,6.88,55.829068,-4.318114,12
5595,73,11631,6.51,55.829127,-4.318199,12
5600,73,11639,6.17,55.829163,-4.318296,12
5605,73,11650,6.15,55.829228,-4.318437,12
5610,73,11660,6.59,55.829295,-4.318532,12
5615,73,11670,7.07,55.829363,-4.318642,12
5620,60,11679,7.14,55.829435,-4.318711,12
5625,61,11687,6.93,55.829503,-4.318759,12
5630,60,11696,6.56,55.829577,-4.318797,13
5635,60,11705,6.35,55.829658,-4.318816,15
5640,60,11714,6.31,55.829732,-4.318782,17
5645,60,11722,6.29,55.829807,-4.318737,19
5650,60,11733,6.35,55.829893,-4.318681,20
5655,73,11742,6.58,55.829967,-4.318611,21
5660,73,11751,6.77,55.83004,-4.318544,22
5665,72,11760,6.71,55.830102,-4.318462,23
5670,73,11766,6.37,55.830138,-4.318392,23
5675,73,11773,5.74,55.830192,-4.318334,24
5680,73,11780,5.27,55.830238,-4.318251,25
5685,73,11788,5.25,55.830303,-4.318197,25
5690,70,11800,5.65,55.830392,-4.318104,25
5695,70,11809,6.39,55.83045,-4.318002,25
5700,70,11819,6.87,55.830532,-4.317919,25
5705,70,11830,7.03,55.830592,-4.317792,25
5710,61,11839,7.21,55.83064,-4.317664,25
5715,62,11851,7.28,55.830705,-4.317531,24
5720,61,11866,7.8,55.830807,-4.317361,22
5725,73,11878,8.78,55.830873,-4.317206,20
5730,77,11890,9.18,55.830925,-4.317052,19
5735,77,11900,8.72,55.830968,-4.316907,18
5740,76,11910,8.18,55.83101,-4.316772,18
5745,76,11919,7.63,55.831048,-4.316642,18
5750,76,11928,7.19,55.831098,-4.316524,17
5755,76,11938,6.97,55.831128,-4.316399,15
5760,89,11947,6.87,55.831148,-4.316266,14
5765,92,11956,6.69,55.831182,-4.316126,12
5770,90,11967,6.72,55.831223,-4.315976,11
5775,87,11977,7.04,55.831273,-4.315829,10
5780,84,11987,7.29,55.831302,-4.315691,9
5785,84,11996,7.22,55.831338,-4.315552,7
5786,85,11998,7.19,55.831347,-4.315524,7
5786,85,11998,7.19,55.831347,-4.315524,7
5786,85,11998,7.19,55.831347,-4.315524,7
5790,77,12006,7.09,55.831388,-4.315417,6
5795,74,12017,7.18,55.831442,-4.315274,5
5800,74,12028,7.39,55.831475,-4.315116,5
5805,74,12038,7.49,55.83152,-4.314979,3
5810,74,12050,7.52,55.831592,-4.314834,3
5815,74,12062,7.93,55.831663,-4.314691,2
5820,81,12073,8.33,55.831705,-4.314544,1
5825,75,12083,8.12,55.831772,-4.314431,1
5830,75,12094,7.78,55.831837,-4.314307,1
5835,75,12104,7.67,55.831895,-4.314181,1
5840,75,12115,7.65,55.831968,-4.314062,1
5845,77,12125,7.67,55.83204,-4.313961,1
5850,77,12134,7.62,55.832113,-4.313897,1
5855,77,12145,7.27,55.832202,-4.313862,1
5860,77,12155,7.11,55.832292,-4.313834,1
5865,77,12163,7.19,55.832367,-4.313841,1
5870,77,12172,6.83,55.83244,-4.313886,1
5875,77,12180,6.34,55.83251,-4.313927,1
5880,77,12190,6.25,55.83259,-4.313984,2
5885,77,12201,6.52,55.832675,-4.314064,4
5890,77,12209,6.82,55.832747,-4.314111,6
5895,77,12219,6.87,55.832827,-4.314161,7
5900,77,12226,6.74,55.832888,-4.314224,8
5905,77,12232,6.37,55.832933,-4.314261,11
5910,77,12240,5.63,55.833005,-4.314272,13
5915,77,12248,5.27,55.833073,-4.314282,15
5920,77,12257,5.47,55.833155,-4.314272,16
5925,81,12267,5.82,55.83324,-4.314262,19
5930,81,12277,6.29,55.83333,-4.314252,21
5935,82,12285,6.6,55.833398,-4.314217,23
5940,81,12291,6.36,55.833443,-4.314147,23
5945,73,12299,5.79,55.833502,-4.314094,25
5950,70,12307,5.52,55.833575,-4.314049,26
5955,70,12316,5.7,55.833635,-4.313979,27
5960,70,12325,6.03,55.833698,-4.313877,27
5965,70,12333,6.23,55.833748,-4.313801,27
5970,70,12342,6.16,55.83382,-4.313722,27
5975,70,12353,6.23,55.833893,-4.313604,27
5980,66,12365,6.85,55.83397,-4.313489,27
5985,66,12377,7.55,55.834063,-4.313391,27
5990,66,12388,8.08,55.834138,-4.313271,27
5995,66,12399,8.24,55.834213,-4.313161,27
6000,66,12410,8.12,55.834288,-4.313056,27
6005,66,12419,7.93,55.834347,-4.312947,26
6010,66,12427,7.46,55.834377,-4.312836,25
6015,70,12437,6.89,55.834427,-4.312712,24
6020,71,12447,6.66,55.8345,-4.312622,23
6025,73,12456,6.77,55.834552,-4.312522,22
6030,76,12468,6.94,55.834627,-4.312387,20
6035,79,12483,7.49,55.834738,-4.312242,19
6040,81,12498,8.84,55.834833,-4.312079,17
6045,86,12509,9.7,55.83488,-4.311924,16
6050,84,12519,9.3,55.834928,-4.311789,15
6055,86,12531,8.5,55.83499,-4.311651,15
6060,86,12542,8.2,55.83504,-4.311501,15
6065,83,12552,8.1,55.835058,-4.311351,15
6070,83,12561,7.73,55.835077,-4.311216,15
6075,83,12570,7.22,55.835093,-4.311071,15
6080,74,12580,6.91,55.835117,-4.310919,15
6085,81,12590,6.94,55.835125,-4.310764,15
6090,81,12598,7.01,55.835132,-4.310626,15
6095,81,12609,6.91,55.835138,-4.310459,15
6100,81,12620,6.97,55.835162,-4.310294,15
6105,81,12630,7.24,55.835162,-4.310127,15
6110,81,12640,7.4,55.835177,-4.309979,15
6115,84,12650,7.33,55.835198,-4.309824,15
6120,84,12659,7.2,55.835212,-4.309679,15
6125,85,12669,7.07,55.83522,-4.309526,15
6130,83,12678,6.99,55.83525,-4.309386,15
6135,86,12688,6.97,55.83525,-4.309234,15
6140,91,12698,6.99,55.835262,-4.309071,15
6145,79,12709,7.09,55.835263,-4.308909,15
6150,79,12719,7.26,55.835245,-4.308742,15
6155,86,12729,7.41,55.835225,-4.308582,15
6160,89,12739,7.44,55.835207,-4.308441,15
6165,89,12748,7.14,55.835185,-4.308297,15
6170,89,12757,6.91,55.835175,-4.308164,15
6175,89,12766,6.78,55.835175,-4.308016,15
6180,89,12775,6.66,55.835168,-4.307879,15
6185,85,12785,6.56,55.835162,-4.307721,15
6190,86,12795,6.73,55.835147,-4.307566,15
6195,86,12805,6.98,55.835133,-4.307414,14
6200,88,12814,6.96,55.835117,-4.307271,12
6205,93,12822,6.84,55.835098,-4.307142,12
6210,93,12833,6.81,55.835085,-4.306979,12
6215,93,12843,6.88,55.835055,-4.306834,11
6220,93,12853,7.04,55.835038,-4.306689,10
6225,93,12863,7.02,55.835015,-4.306527,9
6230,86,12874,7.21,55.83501,-4.306359,9
6235,85,12885,7.51,55.834995,-4.306184,9
6240,84,12897,7.73,55.834985,-4.305996,9
6245,84,12907,7.98,55.834995,-4.305827,9
6250,70,12918,8.03,55.834987,-4.305656,9
6255,71,12928,7.84,55.834967,-4.305502,9
6260,71,12940,7.65,55.834938,-4.305326,9
6265,71,12950,7.73,55.834905,-4.305166,9
6270,71,12959,7.71,55.834893,-4.305027,9
6275,62,12967,7.27,55.834897,-4.304906,9
6280,62,12977,6.72,55.834873,-4.304751,9
6285,62,12988,6.74,55.834847,-4.304589,9
6290,62,12998,7.13,55.834835,-4.304432,9
6290,62,12998,7.13,55.834835,-4.304432,9
6290,62,12998,7.13,55.834835,-4.304432,9
6290,62,12998,7.13,55.834835,-4.304432,9
6295,58,13008,7.3,55.834833,-4.304279,9
6300,58,13019,7.39,55.834787,-4.304121,9
6305,58,13029,7.4,55.834777,-4.303961,10
6310,68,13042,7.63,55.834752,-4.303767,10
6315,68,13052,8.0,55.834738,-4.303611,10
6320,68,13062,8.02,55.83473,-4.303456,10
6325,68,13072,7.55,55.834708,-4.303309,11
6330,67,13082,7.3,55.834688,-4.303151,12
6335,67,13092,7.29,55.834692,-4.302996,12
6340,67,13102,7.34,55.834707,-4.302836,12
6345,69,13113,7.37,55.834692,-4.302666,12
6350,70,13121,7.31,55.834698,-4.302542,13
6355,75,13131,7.01,55.834683,-4.302377,13
6360,82,13139,6.79,55.834658,-4.302257,13
6365,84,13146,6.56,55.834642,-4.302147,13
6370,88,13158,6.25,55.834595,-4.301986,13
6375,88,13168,6.5,55.834562,-4.301841,13
6380,88,13178,7.02,55.83452,-4.301692,13
6385,88,13188,7.31,55.834477,-4.301556,13
6390,88,13200,7.27,55.834415,-4.301404,13
6395,96,13215,7.74,55.83433,-4.301207,13
6400,96,13229,8.99,55.834252,-4.301029,13
6405,96,13240,9.72,55.834208,-4.300879,14
6410,82,13249,9.07,55.834187,-4.300731,14
6415,82,13260,8.13,55.834167,-4.300574,14
6420,82,13270,7.67,55.834157,-4.300407,14
6425,82,13280,7.46,55.834142,-4.300254,14
6430,82,13290,7.31,55.83413,-4.300094,14
6435,82,13300,7.25,55.834123,-4.299939,14
6440,82,13309,7.16,55.83412,-4.299784,14
6445,82,13320,7.14,55.834105,-4.299611,15
6450,82,13331,7.36,55.834092,-4.299442,15
6455,83,13342,7.6,55.834092,-4.299272,16
6460,79,13352,7.62,55.8341,-4.299102,16
6465,84,13362,7.63,55.834118,-4.298946,17
6470,88,13373,7.56,55.834138,-4.298781,18
6475,94,13383,7.46,55.834157,-4.298627,19
6480,94,13393,7.38,55.834173,-4.298474,21
6485,94,13403,7.25,55.834213,-4.298329,23
6490,94,13413,7.25,55.834258,-4.298182,26
6495,94,13423,7.31,55.834307,-4.298052,27
6500,83,13433,7.28,55.83436,-4.297914,28
6505,79,13444,7.3,55.834417,-4.297782,28
6510,80,13453,7.37,55.83447,-4.297656,28
6515,79,13463,7.3,55.834525,-4.297544,28
6520,78,13474,7.18,55.834602,-4.297424,28
6525,77,13484,7.37,55.834675,-4.297369,28
6530,91,13492,7.34,55.834718,-4.297479,28
6535,91,13503,6.92,55.834773,-4.297611,28
6540,91,13512,6.81,55.834807,-4.297742,26
6545,84,13522,6.91,55.83486,-4.297872,25
6550,81,13531,6.88,55.834883,-4.298009,23
6555,86,13540,6.78,55.834912,-4.298144,23
6560,89,13549,6.66,55.834942,-4.298284,22
6565,90,13558,6.66,55.834975,-4.298422,21
6570,90,13568,6.72,55.835013,-4.298557,20
6575,90,13578,6.79,55.835062,-4.298687,20
6580,86,13587,6.85,55.835108,-4.298807,20
6585,84,13596,6.83,55.835158,-4.298927,20
6590,78,13606,6.8,55.835203,-4.299059,20
6595,75,13615,6.79,55.835243,-4.299186,20
6600,65,13624,6.74,55.835283,-4.299314,20
6605,73,13634,6.71,55.835333,-4.299442,20
6610,71,13644,6.82,55.835378,-4.299581,20
6615,68,13654,7.01,55.835428,-4.299721,19
6620,68,13664,7.11,55.835482,-4.299832,19
6625,68,13673,7.04,55.835532,-4.299957,19
6630,68,13683,6.95,55.835583,-4.300082,19
6635,68,13693,6.97,55.835648,-4.300207,19
6640,69,13703,7.14,55.835708,-4.300326,19
6645,68,13714,7.26,55.835765,-4.300452,19
6650,71,13723,7.24,55.83582,-4.300567,19
6655,71,13732,7.08,55.83587,-4.300682,19
6660,71,13742,6.85,55.835927,-4.300796,19
6665,82,13751,6.77,55.83598,-4.300907,19
6670,83,13760,6.76,55.836037,-4.301021,19
6675,87,13770,6.75,55.836093,-4.301136,19
6680,84,13779,6.76,55.836147,-4.301241,19
6685,84,13788,6.69,55.836208,-4.301337,19
6690,84,13798,6.64,55.836275,-4.301439,19
6695,85,13807,6.71,55.836327,-4.301551,19
6700,86,13816,6.71,55.836382,-4.301667,20
6705,86,13825,6.65,55.836403,-4.301791,21
6710,86,13837,6.77,55.836457,-4.301954,21
6715,79,13848,7.26,55.83651,-4.302112,22
6720,82,13859,7.8,55.836562,-4.302261,23
6725,85,13870,7.91,55.836612,-4.302407,24
6730,90,13881,7.88,55.836668,-4.302551,24
6735,94,13891,7.84,55.836715,-4.302689,24
6740,94,13901,7.66,55.836763,-4.302821,25
6745,94,13910,7.36,55.836817,-4.302939,25
6750,94,13919,7.11,55.836868,-4.303056,25
6755,94,13929,6.9,55.836922,-4.303172,25
6760,94,13938,6.8,55.836983,-4.303277,25
6765,94,13948,6.84,55.837043,-4.303399,25
6770,94,13959,7.01,55.8371,-4.303529,25
6775,83,13969,7.21,55.837168,-4.303647,25
6780,80,13980,7.39,55.83723,-4.303771,26
6785,79,13990,7.46,55.837295,-4.303879,26
6789,79,13998,7.4,55.837357,-4.303962,26
6789,79,13998,7.4,55.837357,-4.303962,26
6789,79,13998,7.4,55.837357,-4.303962,26
6790,79,14000,7.38,55.837372,-4.303979,26
6795,79,14011,7.38,55.837438,-4.304101,26
6800,79,14021,7.5,55.837502,-4.304226,26
6805,79,14031,7.5,55.837568,-4.304317,26
6810,79,14041,7.31,55.837623,-4.304447,25
6815,79,14051,7.22,55.837687,-4.304567,25
6820,75,14062,7.32,55.837753,-4.304686,25
6825,75,14072,7.39,55.837808,-4.304817,25
6830,75,14082,7.39,55.837857,-4.304956,25
6835,78,14091,7.34,55.837907,-4.305077,25
6840,79,14102,7.19,55.837962,-4.305206,25
6845,79,14111,7.08,55.838,-4.305331,25
6850,79,14120,6.97,55.838023,-4.305477,25
6855,79,14130,6.87,55.83805,-4.305632,25
6860,79,14139,6.94,55.838078,-4.305769,25
6865,88,14150,7.0,55.838118,-4.305926,25
6870,83,14160,7.13,55.838153,-4.306076,25
6875,83,14170,7.32,55.838178,-4.306229,25
6880,79,14181,7.35,55.838208,-4.306391,25
6885,78,14191,7.39,55.83824,-4.306549,25
6890,76,14202,7.51,55.838272,-4.306709,25
6895,78,14211,7.51,55.838303,-4.306846,25
6900,81,14221,7.27,55.83834,-4.306982,25
6905,84,14232,7.07,55.838387,-4.307137,25
6910,82,14242,7.2,55.838433,-4.307272,25
6915,80,14252,7.36,55.838477,-4.307419,25
6920,79,14262,7.37,55.838517,-4.307564,25
6925,79,14272,7.34,55.838557,-4.307707,25
6930,79,14282,7.29,55.838607,-4.307842,25
6935,81,14292,7.26,55.838663,-4.307966,25
6940,83,14302,7.22,55.838725,-4.308069,25
6945,83,14311,7.13,55.838788,-4.308181,25
6950,79,14321,7.09,55.838843,-4.308304,25
6955,77,14331,7.07,55.838917,-4.308394,25
6960,80,14341,7.07,55.83899,-4.308486,25
6965,80,14351,7.09,55.839058,-4.308576,25
6970,80,14360,7.04,55.839132,-4.308661,25
6975,83,14370,7.0,55.83921,-4.308741,25
6980,81,14380,7.03,55.839285,-4.308812,25
6985,79,14390,7.04,55.83937,-4.308877,25
6990,70,14399,7.04,55.839448,-4.308924,25
6995,70,14409,6.99,55.839533,-4.308952,25
7000,70,14419,6.87,55.839617,-4.308992,25
7005,69,14429,6.93,55.83971,-4.309017,25
7010,72,14439,7.13,55.839802,-4.309027,25
7015,72,14450,7.33,55.839898,-4.309017,25
7020,72,14460,7.46,55.839988,-4.309009,25
7025,72,14470,7.44,55.840075,-4.308982,25
7030,72,14479,7.22,55.840158,-4.308957,25
7035,72,14488,6.99,55.84024,-4.308926,25
7040,72,14499,6.86,55.84033,-4.308912,25
7045,76,14508,6.93,55.840417,-4.308891,25
7050,82,14518,7.02,55.840507,-4.308877,25
7055,83,14528,7.08,55.840595,-4.308869,25
7060,83,14539,7.16,55.840692,-4.308867,25
7065,79,14549,7.25,55.84078,-4.308879,26
7070,76,14558,7.25,55.840863,-4.308874,26
7075,75,14568,7.06,55.84095,-4.308892,26
7080,75,14578,6.98,55.841042,-4.308914,26
7085,75,14588,7.1,55.84113,-4.308939,26
7090,75,14600,7.3,55.841232,-4.308979,26
7095,80,14610,7.54,55.84131,-4.309057,26
7100,78,14619,7.57,55.84135,-4.309194,26
7105,77,14629,7.31,55.841357,-4.309347,26
7110,70,14639,7.11,55.841342,-4.309499,26
7115,70,14649,7.1,55.841313,-4.309657,26
7120,70,14659,7.2,55.841288,-4.309814,26
7125,63,14668,7.22,55.84127,-4.309957,25
7130,63,14678,7.05,55.841253,-4.310102,25
7135,63,14686,6.81,55.841237,-4.310237,25
7140,75,14696,6.66,55.84121,-4.310387,25
7145,70,14706,6.72,55.84119,-4.310539,25
7150,70,14715,6.85,55.841172,-4.310677,25
7155,70,14725,6.82,55.841155,-4.310832,25
7160,70,14734,6.8,55.841157,-4.310982,25
7165,70,14744,6.84,55.841135,-4.311134,25
7170,69,14754,6.94,55.841112,-4.311289,25
7175,69,14764,7.1,55.841077,-4.311429,25
7180,69,14773,7.1,55.841097,-4.311552,25
7185,69,14783,7.07,55.841123,-4.311411,25
7190,69,14794,7.14,55.841128,-4.311244,25
7195,64,14804,7.21,55.841133,-4.311082,23
7200,69,14814,7.27,55.841142,-4.310927,21
7205,71,14824,7.21,55.841155,-4.310772,19
7210,71,14835,7.21,55.841178,-4.310597,16
7215,71,14847,7.51,55.8412,-4.310416,14
7220,71,14858,7.97,55.841235,-4.310242,12
7225,71,14868,8.15,55.841275,-4.310097,12
7230,71,14878,7.91,55.841307,-4.309952,12
7235,79,14889,7.53,55.84133,-4.309786,12
7240,76,14899,7.47,55.841362,-4.309627,12
7245,78,14910,7.55,55.841395,-4.309472,11
7250,70,14920,7.53,55.841435,-4.309321,10
7255,67,14931,7.51,55.841507,-4.309216,9
7260,66,14940,7.49,55.841587,-4.309184,9
7265,66,14950,7.31,55.841682,-4.309167,9
7270,66,14962,7.38,55.841788,-4.309156,9
7275,56,14972,7.67,55.841875,-4.309147,9
7280,56,14983,7.62,55.841973,-4.309142,9
7285,57,14993,7.51,55.842062,-4.309127,9
7287,57,14996,7.48,55.842092,-4.309114,9
7287,57,14996,7.48,55.842092,-4.309114,9
7287,57,14996,7.48,55.842092,-4.309114,9
7290,57,15002,7.39,55.842138,-4.309091,10
7295,53,15013,7.12,55.842242,-4.309076,11
7300,52,15023,7.23,55.842332,-4.309071,13
7305,68,15032,7.43,55.842415,-4.309052,14
7310,73,15042,7.21,55.842498,-4.309027,15
7315,73,15051,6.92,55.84258,-4.309014,15
7320,73,15061,6.75,55.842667,-4.308997,16
7325,73,15072,6.87,55.84277,-4.308971,16
7330,56,15083,7.38,55.842868,-4.308952,20
7335,55,15091,7.61,55.842942,-4.308946,21
7340,55,15102,7.31,55.843035,-4.308951,21
7345,55,15110,6.96,55.843108,-4.308946,21
7350,55,15119,6.65,55.843187,-4.308952,21
7355,62,15129,6.36,55.843275,-4.308969,21
7360,62,15139,6.58,55.843365,-4.309001,21
7365,62,15148,6.89,55.843445,-4.309032,22
7370,62,15156,6.81,55.843517,-4.309076,22
7375,62,15166,6.63,55.843597,-4.309139,22
7380,62,15175,6.65,55.843673,-4.309184,23
7385,70,15184,6.67,55.843752,-4.309219,23
7390,69,15194,6.6,55.84384,-4.309266,23
7395,70,15204,6.75,55.84392,-4.309306,23
7400,71,15214,6.91,55.844003,-4.309367,23
7405,71,15223,6.91,55.844075,-4.309434,23
7410,71,15232,6.78,55.844153,-4.309466,23
7415,71,15240,6.58,55.844228,-4.309497,23
7420,71,15249,6.42,55.844302,-4.309552,23
7425,71,15259,6.42,55.844382,-4.309607,23
7430,71,15269,6.62,55.84447,-4.309649,24
7435,79,15279,6.89,55.844555,-4.309701,25
7440,79,15289,7.06,55.844637,-4.309756,26
7445,79,15298,7.04,55.844718,-4.309804,27
7450,79,15308,7.0,55.84481,-4.309826,27
7455,79,15317,6.95,55.844882,-4.309854,27
7460,79,15324,6.68,55.84495,-4.309877,27
7465,79,15333,6.25,55.84503,-4.309902,27
7470,79,15344,6.24,55.845122,-4.309919,27
7475,79,15354,6.67,55.845217,-4.309932,27
7480,83,15365,7.11,55.845313,-4.309951,27
7485,85,15376,7.44,55.845415,-4.309971,27
7490,85,15388,7.76,55.845517,-4.309989,27
7495,85,15398,7.94,55.845603,-4.310029,27
7500,87,15408,7.78,55.845693,-4.310062,27
7505,89,15417,7.48,55.84578,-4.310081,27
7510,89,15427,7.22,55.845865,-4.310097,27
7515,89,15436,7.02,55.845948,-4.310104,27
7520,89,15447,6.95,55.846042,-4.310109,27
7525,89,15458,7.07,55.846138,-4.310141,27
7530,89,15467,7.32,55.84622,-4.310151,27
7535,89,15475,7.17,55.846295,-4.310169,25
7540,89,15484,6.72,55.846373,-4.310196,25
7545,89,15495,6.62,55.84647,-4.310217,25
7550,99,15507,6.98,55.846577,-4.310257,25
7555,95,15517,7.57,55.846668,-4.310304,24
7560,95,15528,7.86,55.846762,-4.310339,22
7565,95,15537,7.7,55.846843,-4.310359,20
7570,83,15546,7.27,55.84692,-4.310371,20
7575,79,15556,6.84,55.847008,-4.310372,20
7580,78,15566,6.77,55.847095,-4.310337,19
7585,78,15575,6.94,55.847173,-4.310261,17
7590,78,15585,6.98,55.84724,-4.310174,16
7595,69,15595,6.9,55.84732,-4.310094,15
7600,69,15606,6.99,55.847403,-4.310007,15
7605,71,15616,7.28,55.847478,-4.309909,14
7610,71,15626,7.45,55.847563,-4.309837,14
7615,71,15636,7.46,55.847647,-4.309786,12
7620,78,15646,7.39,55.847732,-4.309736,12
7625,78,15656,7.27,55.84782,-4.309702,12
7630,73,15666,7.18,55.847903,-4.309679,12
7635,69,15676,7.12,55.847997,-4.309662,12
7640,67,15685,7.09,55.848077,-4.309659,12
7645,67,15694,6.9,55.848157,-4.309674,12
7650,67,15703,6.63,55.848235,-4.309701,12
7655,79,15713,6.58,55.848318,-4.309757,13
7660,79,15723,6.79,55.848405,-4.309804,15
7665,70,15732,6.99,55.848483,-4.309864,16
7670,74,15742,6.92,55.84856,-4.309929,17
7675,75,15752,6.87,55.848645,-4.309996,18
7680,75,15762,7.04,55.848725,-4.310066,18
7685,93,15773,7.25,55.848815,-4.310132,19
7690,89,15783,7.34,55.848895,-4.310192,19
7695,85,15792,7.28,55.848972,-4.310264,20
7700,85,15802,7.11,55.84905,-4.310339,20
7705,87,15812,7.11,55.849127,-4.310431,20
7710,87,15822,7.19,55.849197,-4.310524,20
7715,87,15832,7.15,55.849272,-4.310597,20
7720,87,15841,7.03,55.849347,-4.310674,20
7725,87,15851,6.97,55.849423,-4.310751,20
7730,92,15861,6.96,55.849503,-4.310819,20
7735,93,15872,7.08,55.849597,-4.310882,20
7740,93,15882,7.3,55.84967,-4.310964,20
7745,89,15892,7.33,55.84975,-4.311042,20
7750,89,15902,7.29,55.849837,-4.310974,20
7755,89,15913,7.43,55.849895,-4.310844,20
7760,91,15924,7.59,55.849933,-4.310689,20
7765,91,15935,7.66,55.849987,-4.310539,20
7770,93,15945,7.73,55.850027,-4.310387,20
7775,93,15955,7.68,55.85005,-4.310244,20
7780,93,15965,7.38,55.850068,-4.310089,20
7785,93,15974,7.13,55.850097,-4.309946,20
7790,92,15984,7.09,55.85013,-4.309796,19
7795,94,15995,7.14,55.850155,-4.309636,17
7798,92,16001,7.24,55.85017,-4.309537,17
7798,92,16001,7.24,55.85017,-4.309537,17
7798,92,16001,7.24,55.85017,-4.309537,17
7800,92,16006,7.32,55.85019,-4.309474,16
7805,92,16016,7.52,55.850212,-4.309314,14
7810,92,16026,7.59,55.850223,-4.309156,12
7815,92,16036,7.48,55.850222,-4.308991,12
7820,92,16046,7.33,55.850222,-4.308837,11
7825,92,16056,7.23,55.850237,-4.308677,11
7830,88,16065,7.16,55.850258,-4.308536,11
7835,88,16075,7.06,55.850288,-4.308389,11
7840,88,16085,6.95,55.850318,-4.308247,11
7845,88,16096,7.02,55.850352,-4.308089,11
7850,88,16106,7.21,55.850382,-4.307934,11
7855,88,16116,7.41,55.850392,-4.307772,10
7860,101,16126,7.39,55.85041,-4.307619,10
7865,100,16136,7.25,55.850425,-4.307466,9
7870,100,16145,7.1,55.850448,-4.307314,8
7875,100,16155,7.09,55.850463,-4.307156,8
7880,100,16166,7.21,55.850467,-4.306996,7
7885,100,16176,7.23,55.850477,-4.306834,6
7890,100,16187,7.3,55.850483,-4.306656,6
7895,100,16198,7.54,55.85049,-4.306487,6
7900,97,16207,7.61,55.850505,-4.306336,6
7905,96,16218,7.48,55.850517,-4.306162,6
7910,96,16229,7.53,55.850522,-4.305996,6
7915,96,16239,7.64,55.85053,-4.305832,6
7920,92,16250,7.68,55.850533,-4.305654,6
7925,93,16261,7.78,55.850547,-4.305481,6
7930,93,16272,7.85,55.850563,-4.305312,6
7935,93,16282,7.78,55.850577,-4.305152,6
7940,91,16293,7.65,55.850587,-4.304987,6
7945,91,16303,7.51,55.8506,-4.304829,6
7950,85,16312,7.35,55.850615,-4.304681,6
7955,82,16321,7.12,55.850628,-4.304531,6
7960,84,16331,6.97,55.850642,-4.304377,6
7965,85,16341,6.97,55.850663,-4.304226,6
7970,85,16351,7.03,55.850677,-4.304069,6
7975,78,16361,7.08,55.850692,-4.303914,6
7980,75,16372,7.16,55.850698,-4.303739,6
7985,78,16381,7.29,55.850717,-4.303587,6
7990,78,16391,7.33,55.850735,-4.303434,7
7995,78,16401,7.21,55.850755,-4.303286,8
8000,77,16410,7.06,55.850777,-4.303141,8
8005,77,16420,6.95,55.8508,-4.302986,9
8010,85,16430,6.98,55.850828,-4.302841,9
8015,87,16440,7.02,55.850848,-4.302689,9
8020,83,16449,7.01,55.850858,-4.302531,9
8025,85,16460,7.11,55.850862,-4.302357,9
8030,88,16471,7.34,55.850873,-4.302192,9
8035,89,16480,7.47,55.85088,-4.302037,9
8040,88,16490,7.34,55.85089,-4.301879,9
8045,82,16500,7.16,55.8509,-4.301732,9
8050,79,16510,7.06,55.850912,-4.301566,9
8055,78,16520,7.08,55.850932,-4.301417,9
8060,79,16529,7.08,55.85095,-4.301272,9
8065,76,16539,6.95,55.850987,-4.301134,9
8070,77,16548,6.9,55.851023,-4.300996,9
8075,77,16558,6.88,55.851052,-4.300851,9
8080,78,16567,6.89,55.85107,-4.300701,9
8085,82,16577,6.92,55.851097,-4.300552,9
8090,82,16587,6.96,55.851113,-4.300401,9
8095,80,16596,6.97,55.851138,-4.300251,9
8100,77,16607,7.03,55.851167,-4.300097,9
8105,77,16617,7.13,55.851192,-4.299944,9
8110,70,16627,7.19,55.851207,-4.299784,9
8115,69,16637,7.23,55.85123,-4.299629,9
8120,69,16646,7.21,55.851255,-4.299487,9
8125,69,16656,7.08,55.851283,-4.299344,9
8130,70,16666,6.95,55.851315,-4.299194,9
8135,70,16675,6.93,55.851345,-4.299057,9
8140,70,16685,6.93,55.851368,-4.298902,9
8145,70,16695,7.0,55.851407,-4.298762,9
8150,70,16704,7.06,55.851433,-4.298616,9
8155,70,16714,7.0,55.851473,-4.298479,10
8160,70,16723,6.94,55.851495,-4.298334,10
8165,70,16733,6.93,55.851497,-4.298181,11
8170,75,16743,6.9,55.85151,-4.298029,11
8175,75,16752,6.89,55.851527,-4.297879,11
8180,75,16762,6.93,55.85154,-4.297722,11
8185,75,16772,6.99,55.851573,-4.297571,11
8190,75,16782,7.1,55.851612,-4.297429,11
8195,75,16792,7.15,55.851643,-4.297284,11
8200,75,16801,7.08,55.851677,-4.297141,11
8205,75,16811,7.04,55.85171,-4.296994,12
8210,75,16821,7.04,55.85173,-4.296847,12
8215,75,16830,6.96,55.851755,-4.296711,12
8220,75,16840,6.85,55.851768,-4.296557,12
8225,75,16849,6.86,55.851785,-4.296406,12
8230,75,16859,6.95,55.85179,-4.296247,12
8235,75,16869,7.03,55.851807,-4.296091,12
8240,75,16879,7.14,55.85181,-4.295931,12
8245,88,16890,7.22,55.851817,-4.295759,12
8250,89,16900,7.34,55.851842,-4.295602,12
8255,89,16910,7.42,55.851862,-4.295446,12
8260,89,16920,7.35,55.851877,-4.295292,12
8265,78,16929,7.19,55.851897,-4.295147,12
8270,79,16939,6.99,55.8519,-4.294997,12
8275,83,16948,6.8,55.851912,-4.294856,12
8280,84,16957,6.68,55.851925,-4.294712,12
8285,83,16966,6.63,55.851938,-4.294559,12
8290,81,16976,6.71,55.851947,-4.294399,12
8295,79,16987,6.94,55.851957,-4.294239,12
8300,79,16996,7.09,55.851963,-4.294091,12
8301,79,16998,7.09,55.851968,-4.294061,12
8301,79,16998,7.09,55.851968,-4.294061,12
8301,79,16998,7.09,55.851968,-4.294061,12
8305,79,17006,7.04,55.851982,-4.293932,12
8310,80,17016,7.06,55.851997,-4.293772,12
8315,79,17025,7.16,55.852012,-4.293626,12
8320,79,17035,7.07,55.852032,-4.293479,12
8325,79,17044,6.86,55.85205,-4.293341,12
8330,80,17053,6.7,55.852073,-4.293192,12
8335,83,17063,6.73,55.85209,-4.293036,12
8340,83,17072,6.87,55.852107,-4.292894,12
8345,81,17081,6.81,55.852132,-4.292762,12
8350,81,17090,6.62,55.852147,-4.292621,12
8355,80,17100,6.52,55.852167,-4.292474,12
8360,77,17109,6.58,55.852163,-4.292326,12
8365,72,17118,6.69,55.85216,-4.292172,12
8370,72,17128,6.79,55.852173,-4.292016,12
8375,72,17137,6.88,55.852165,-4.291872,12
8380,72,17147,6.85,55.852168,-4.291716,12
8385,72,17157,6.83,55.852177,-4.291562,12
8390,74,17166,6.88,55.852193,-4.291417,12
8395,79,17175,6.83,55.852202,-4.291267,12
8400,83,17185,6.8,55.852227,-4.291116,12
8405,81,17195,6.89,55.852245,-4.290964,11
8410,81,17204,6.96,55.852255,-4.290816,10
8415,83,17215,6.96,55.852255,-4.290651,10
8420,84,17225,7.06,55.852265,-4.290489,10
8425,82,17234,7.19,55.852278,-4.290337,10
8430,82,17243,7.12,55.852295,-4.290196,10
8435,82,17253,6.9,55.852322,-4.290056,10
8440,82,17262,6.73,55.852342,-4.289916,10
8445,65,17272,6.7,55.852358,-4.289761,10
8450,65,17282,6.8,55.852367,-4.289601,10
8455,65,17292,7.02,55.852375,-4.289439,10
8460,72,17302,7.16,55.852393,-4.289287,10
8465,81,17311,7.14,55.852405,-4.289137,10
8470,81,17321,7.04,55.852412,-4.288976,10
8475,96,17331,7.08,55.852425,-4.288816,10
8480,96,17341,7.16,55.852443,-4.288664,9
8485,96,17350,7.1,55.852505,-4.288581,9
8490,96,17359,6.89,55.852582,-4.288559,9
8495,87,17367,6.57,55.852653,-4.288532,9
8500,80,17375,6.21,55.852725,-4.288511,9
8505,76,17383,6.01,55.852797,-4.288502,9
8510,75,17390,5.87,55.852863,-4.288491,9
8515,75,17400,5.74,55.852947,-4.288457,12
8520,74,17409,5.95,55.85303,-4.288436,12
8525,74,17419,6.44,55.853122,-4.288434,12
8530,81,17430,6.86,55.85322,-4.288407,12
8535,82,17439,7.19,55.8533,-4.288391,12
8540,82,17448,7.08,55.853378,-4.288371,12
8545,80,17457,6.71,55.853457,-4.288356,12
8550,79,17466,6.56,55.853542,-4.288361,12
8555,73,17476,6.59,55.853625,-4.288379,12
8560,72,17485,6.65,55.853707,-4.288372,12
8565,69,17494,6.62,55.85379,-4.288347,12
8570,54,17503,6.56,55.853872,-4.288334,10
8575,52,17514,6.68,55.853967,-4.288374,9
8580,54,17525,7.07,55.854058,-4.288351,8
8585,60,17535,7.36,55.854145,-4.288297,7
8590,60,17545,7.4,55.854233,-4.288249,7
8595,60,17554,7.31,55.854317,-4.288232,7
8600,66,17565,7.19,55.854413,-4.288212,7
8605,73,17576,7.26,55.854508,-4.288192,6
8610,75,17585,7.41,55.854593,-4.288172,6
8615,82,17594,7.25,55.854673,-4.288162,5
8620,77,17604,6.95,55.85476,-4.288146,5
8625,76,17614,6.91,55.854852,-4.288129,5
8630,75,17624,7.04,55.854937,-4.288122,5
8635,73,17633,7.01,55.855022,-4.288114,5
8640,75,17642,6.84,55.855103,-4.288092,5
8645,78,17651,6.69,55.855178,-4.288074,5
8650,77,17659,6.47,55.855255,-4.288062,5
8655,77,17668,6.35,55.855338,-4.288061,5
8660,80,17679,6.48,55.855435,-4.288052,5
8665,82,17689,6.84,55.855522,-4.288057,5
8670,84,17698,7.05,55.855603,-4.288032,5
8675,84,17707,6.92,55.855685,-4.287996,5
8680,84,17716,6.74,55.855765,-4.287974,5
8685,78,17725,6.59,55.855843,-4.287946,5
8690,81,17735,6.53,55.855928,-4.287926,5
8695,81,17744,6.59,55.856007,-4.287922,5
8700,81,17753,6.58,55.856085,-4.287897,5
8705,81,17762,6.53,55.856168,-4.287854,5
8710,81,17773,6.71,55.856262,-4.287799,5
8715,81,17784,7.13,55.85634,-4.287711,5
8720,81,17795,7.41,55.856407,-4.287576,5
8725,81,17805,7.55,55.856415,-4.287424,5
8730,81,17815,7.51,55.856407,-4.287262,4
8735,81,17826,7.45,55.856395,-4.287091,4
8740,81,17835,7.45,55.856378,-4.286937,3
8745,81,17846,7.4,55.856372,-4.286769,3
8750,79,17855,7.36,55.856373,-4.286614,3
8755,76,17865,7.28,55.856377,-4.286466,3
8760,72,17874,7.04,55.856372,-4.286324,3
8765,70,17882,6.73,55.856357,-4.286189,2
8770,75,17892,6.51,55.856325,-4.286049,2
8775,80,17901,6.57,55.856295,-4.285901,2
8780,82,17912,6.84,55.856262,-4.285734,2
8785,81,17923,7.23,55.856233,-4.285572,2
8790,80,17934,7.51,55.856207,-4.285409,2
8795,80,17946,7.67,55.85618,-4.285219,2
8800,80,17957,7.99,55.856188,-4.285037,2
8805,79,17968,8.21,55.85623,-4.284892,2
8810,78,17977,7.92,55.856273,-4.284769,2
8815,76,17985,7.28,55.85631,-4.284651,2
8820,75,17995,6.83,55.856363,-4.284512,2
8825,75,18006,6.88,55.856423,-4.284392,3
8825,75,18006,6.88,55.856423,-4.284392,3
8825,75,18006,6.88,55.856423,-4.284392,3
8825,75,18006,6.88,55.856423,-4.284392,3
8830,74,18015,7.1,55.856475,-4.284276,4
8835,68,18023,6.99,55.856528,-4.284179,4
8840,76,18033,6.69,55.856583,-4.284064,4
8845,74,18042,6.56,55.856635,-4.283956,4
8850,69,18050,6.51,55.856682,-4.283851,5
8855,68,18059,6.41,55.85672,-4.283717,5
8860,67,18068,6.37,55.856765,-4.283612,5
8865,67,18076,6.3,55.856808,-4.283499,5
8870,67,18085,6.25,55.856862,-4.283384,5
8875,67,18095,6.39,55.856918,-4.283266,5
8880,67,18105,6.68,55.856975,-4.283136,6
8885,67,18117,7.04,55.857043,-4.282992,6
8890,69,18127,7.45,55.857097,-4.282874,7
8895,65,18136,7.5,55.857153,-4.282769,8
8900,67,18145,7.13,55.857212,-4.282657,8
8905,67,18155,6.9,55.85727,-4.282542,10
8910,75,18165,6.94,55.857327,-4.282412,11
8915,77,18176,7.15,55.857383,-4.282272,11
8920,76,18186,7.37,55.857432,-4.282141,11
8925,75,18196,7.34,55.857492,-4.282027,11
8930,71,18206,7.23,55.857565,-4.281916,11
8935,66,18217,7.34,55.857642,-4.281811,11
8940,66,18227,7.46,55.857713,-4.281721,11
8945,66,18239,7.5,55.85778,-4.281579,11
8950,66,18250,7.72,55.857783,-4.281399,11
8955,80,18262,8.03,55.857768,-4.281217,11
8960,82,18271,8.03,55.857765,-4.281069,10
8965,79,18280,7.66,55.857752,-4.280922,9
8970,79,18290,7.23,55.857742,-4.280769,8
8975,79,18299,7.06,55.857732,-4.280619,8
8980,79,18307,6.88,55.857708,-4.280497,8
8985,79,18317,6.6,55.857672,-4.280352,7
8990,72,18328,6.6,55.857643,-4.280199,7
8995,72,18338,6.96,55.85762,-4.280041,6
9000,69,18348,7.21,55.857593,-4.279889,6
9005,69,18356,7.14,55.857573,-4.279756,6
9010,76,18365,6.86,55.857553,-4.279616,6
9015,76,18375,6.65,55.857535,-4.279471,6
9020,75,18383,6.59,55.85752,-4.279334,6
9025,71,18393,6.59,55.857505,-4.279177,5
9030,71,18403,6.69,55.85749,-4.279024,5
9035,71,18413,6.86,55.857473,-4.278874,4
9040,71,18422,6.89,55.857455,-4.278731,4
9045,76,18431,6.82,55.857438,-4.278589,4
9050,78,18440,6.69,55.857432,-4.278447,4
9055,79,18449,6.56,55.857413,-4.278309,4
9060,83,18457,6.43,55.857395,-4.278179,4
9065,79,18466,6.29,55.857375,-4.278046,4
9070,82,18475,6.23,55.857353,-4.277906,4
9075,85,18484,6.34,55.857327,-4.277762,4
9080,85,18493,6.53,55.857303,-4.277621,4
9085,79,18502,6.59,55.857292,-4.277479,4
9090,81,18511,6.53,55.857278,-4.277334,4
9095,84,18521,6.57,55.857263,-4.277179,3
9100,88,18531,6.77,55.857247,-4.277026,2
9105,89,18540,6.9,55.85724,-4.276881,2
9110,89,18550,6.85,55.857232,-4.276726,2
9115,89,18560,6.85,55.857213,-4.276567,2
9120,88,18569,6.96,55.857203,-4.276419,1
9125,80,18579,7.0,55.85719,-4.276266,1
9130,75,18588,6.88,55.857182,-4.276122,1
9135,74,18598,6.77,55.857162,-4.275971,1
9140,78,18608,6.82,55.857145,-4.275811,1
9145,80,18616,6.95,55.857137,-4.275677,1
9150,80,18626,6.88,55.857115,-4.275522,1
9155,80,18635,6.73,55.857092,-4.275386,1
9160,80,18643,6.65,55.857085,-4.275254,1
9165,80,18653,6.46,55.857065,-4.275106,1
9170,77,18661,6.4,55.857045,-4.274982,1
9175,81,18670,6.36,55.857023,-4.274836,1
9180,87,18681,6.42,55.857,-4.274681,1
9185,87,18690,6.78,55.85698,-4.274526,1
9190,98,18699,6.97,55.856995,-4.274397,1
9195,99,18708,6.74,55.856978,-4.274254,1
9200,97,18718,6.58,55.856947,-4.274114,2
9205,85,18728,6.71,55.85691,-4.273969,2
9210,81,18737,6.88,55.856873,-4.273829,2
9215,83,18748,7.0,55.856818,-4.273689,2
9220,86,18758,7.2,55.856778,-4.273542,2
9225,85,18768,7.31,55.856748,-4.273399,2
9230,81,18777,7.19,55.856728,-4.273251,2
9235,79,18786,6.99,55.856717,-4.273112,2
9240,79,18795,6.75,55.856703,-4.272972,2
9245,81,18806,6.61,55.856722,-4.272806,2
9250,80,18815,6.85,55.856718,-4.272661,2
9255,87,18824,7.0,55.856708,-4.272512,2
9260,90,18834,6.88,55.856705,-4.272357,2
9265,90,18843,6.83,55.856702,-4.272212,2
9270,89,18852,6.74,55.856697,-4.272067,2
9275,89,18861,6.64,55.856693,-4.271917,2
9280,89,18871,6.64,55.856685,-4.271766,2
9285,84,18880,6.7,55.85668,-4.271617,2
9290,84,18889,6.69,55.856678,-4.271474,2
9295,84,18899,6.66,55.856673,-4.271321,2
9300,84,18908,6.71,55.856667,-4.271167,2
9305,83,18918,6.82,55.856662,-4.271011,2
9310,83,18928,6.95,55.856658,-4.270847,2
9315,83,18937,7.0,55.856673,-4.270716,2
9320,83,18947,6.93,55.856647,-4.270561,2
9325,83,18955,6.81,55.856638,-4.270451,2
9330,78,18963,6.57,55.856615,-4.270347,2
9335,83,18972,6.2,55.856618,-4.270199,2
9340,83,18982,6.25,55.856608,-4.270072,2
9345,83,18994,6.78,55.856613,-4.269892,2
9347,83,18998,7.01,55.856618,-4.269826,2
9347,83,18998,7.01,55.856618,-4.269826,2
9347,83,18998,7.01,55.856618,-4.269826,2
9350,76,19005,7.33,55.856628,-4.269719,2
9355,66,19016,7.73,55.856637,-4.269547,2
9360,66,19024,7.65,55.85666,-4.269422,2
9365,66,19036,7.33,55.856657,-4.269234,2
9370,66,19047,7.42,55.856653,-4.269054,2
9375,66,19058,7.86,55.856657,-4.268871,2
9380,66,19068,7.95,55.856648,-4.268719,2
9385,66,19077,7.67,55.856648,-4.268567,2
9390,66,19086,7.17,55.85665,-4.268434,2
9395,71,19095,6.8,55.856647,-4.268281,2
9400,71,19105,6.64,55.856642,-4.268132,2
9405,70,19113,6.64,55.856647,-4.267991,2
9410,76,19122,6.56,55.856645,-4.267849,2
9415,76,19131,6.49,55.856648,-4.267702,2
9420,74,19140,6.51,55.856663,-4.267562,2
9425,69,19149,6.5,55.856668,-4.267426,2
9430,64,19158,6.41,55.856665,-4.267279,2
9435,71,19167,6.39,55.856668,-4.267139,2
9440,68,19175,6.34,55.856672,-4.267017,2
9445,68,19183,6.1,55.85668,-4.266889,2
9450,73,19191,5.92,55.856688,-4.266754,2
9455,73,19200,5.95,55.856693,-4.266617,2
9460,73,19209,6.09,55.856712,-4.266469,2
9465,71,19219,6.34,55.85673,-4.266322,2
9470,78,19228,6.58,55.856747,-4.266172,2
9475,82,19238,6.73,55.856755,-4.266021,3
9480,83,19247,6.8,55.856768,-4.265876,3
9485,87,19256,6.79,55.856795,-4.265734,4
9490,86,19267,6.79,55.856842,-4.265591,4
9495,81,19276,6.9,55.85687,-4.265457,6
9500,80,19285,6.92,55.856887,-4.265314,8
9505,80,19295,6.8,55.856877,-4.265162,10
9510,80,19304,6.81,55.856877,-4.265007,10
9515,76,19313,6.86,55.856883,-4.264866,10
9520,74,19322,6.76,55.856903,-4.264726,11
9525,75,19332,6.65,55.856932,-4.264584,12
9530,74,19342,6.75,55.856943,-4.264427,14
9535,73,19351,6.87,55.85694,-4.264282,16
9540,76,19362,6.97,55.856893,-4.264116,18
9545,80,19372,7.24,55.856862,-4.263974,19
9550,80,19381,7.33,55.856835,-4.263837,19
9555,83,19391,7.02,55.856828,-4.263686,20
9560,81,19401,6.92,55.856828,-4.263526,20
9565,79,19410,6.98,55.856822,-4.263379,20
9570,79,19419,6.91,55.856795,-4.263239,20
9575,79,19429,6.76,55.856772,-4.263096,21
9580,79,19437,6.77,55.85676,-4.262956,21
9585,79,19446,6.63,55.856755,-4.262824,21
9590,82,19454,6.35,55.856748,-4.262691,21
9595,82,19463,6.13,55.856748,-4.262557,21
9600,82,19472,6.13,55.856732,-4.262416,21
9605,73,19481,6.28,55.85672,-4.262266,21
9610,71,19489,6.43,55.856715,-4.262131,21
9615,72,19498,6.42,55.856705,-4.261997,21
9620,77,19507,6.29,55.856688,-4.261854,21
9625,81,19517,6.36,55.856687,-4.261694,20
9630,83,19526,6.68,55.856675,-4.261547,18
9635,81,19535,6.81,55.856662,-4.261411,17
9640,78,19543,6.58,55.85665,-4.261282,16
9645,77,19552,6.29,55.856643,-4.261149,15
9650,78,19560,6.14,55.856652,-4.261012,15
9655,77,19569,6.16,55.856652,-4.260869,13
9660,76,19578,6.25,55.856645,-4.260731,12
9665,78,19587,6.28,55.856632,-4.260592,12
9670,77,19596,6.33,55.856617,-4.260446,12
9675,79,19606,6.5,55.85663,-4.260294,12
9680,79,19617,6.85,55.856625,-4.260134,12
9685,79,19626,7.11,55.856607,-4.259992,12
9690,76,19636,7.08,55.85654,-4.259881,12
9695,78,19646,7.08,55.856458,-4.259804,12
9700,80,19656,7.23,55.856375,-4.259737,12
9705,81,19667,7.33,55.856288,-4.259689,12
9710,81,19676,7.24,55.85621,-4.259659,12
9715,81,19684,6.94,55.85614,-4.259632,12
9720,81,19692,6.49,55.856062,-4.259624,12
9725,81,19701,6.2,55.855985,-4.259617,12
9730,81,19710,6.2,55.855905,-4.259621,12
9735,81,19718,6.25,55.855828,-4.259629,12
9740,81,19727,6.26,55.85575,-4.259639,12
9745,81,19736,6.24,55.85567,-4.259637,12
9750,81,19745,6.29,55.855587,-4.259652,12
9755,81,19755,6.42,55.855503,-4.259659,12
9760,82,19764,6.56,55.85542,-4.259659,12
9765,78,19773,6.59,55.85534,-4.259654,12
9770,77,19782,6.56,55.85526,-4.259654,12
9775,78,19790,6.47,55.85518,-4.259669,12
9780,78,19799,6.48,55.8551,-4.259677,12
9785,78,19807,6.41,55.85503,-4.259667,12
9790,78,19814,6.07,55.854978,-4.259624,12
9795,78,19819,5.46,55.854955,-4.259547,11
9800,77,19825,4.82,55.854995,-4.259554,10
9805,75,19833,4.45,55.855005,-4.259442,8
9810,76,19849,4.96,55.854875,-4.259319,7
9815,79,19867,7.41,55.854888,-4.259042,7
9820,83,19882,10.4,55.854865,-4.258817,6
9825,86,19891,11.11,55.854862,-4.258661,5
9830,85,19900,9.68,55.854877,-4.258526,4
9835,85,19909,8.01,55.854903,-4.258392,4
9840,85,19918,7.07,55.854947,-4.258272,4
9845,85,19927,6.71,55.854997,-4.258156,4
9850,85,19936,6.6,55.855045,-4.258049,4
9855,85,19945,6.49,55.8551,-4.257944,4
9860,85,19953,6.36,55.855167,-4.257876,4
9865,85,19961,6.28,55.855235,-4.257839,4
9870,82,19969,6.07,55.855302,-4.257817,4
9875,80,19977,5.8,55.85537,-4.257784,4
9880,70,19984,5.65,55.855435,-4.257751,4
9885,67,19992,5.59,55.855508,-4.257731,4
9887,60,19996,5.61,55.855538,-4.257717,4
9887,60,19996,5.61,55.855538,-4.257717,4
9887,60,19996,5.61,55.855538,-4.257717,4
9890,59,20000,5.65,55.855572,-4.257691,4
9895,59,20008,5.67,55.855648,-4.257669,4
9900,59,20017,5.78,55.855725,-4.257644,4
9905,56,20027,6.02,55.855808,-4.257614,4
9910,61,20035,6.24,55.855883,-4.257592,4
9915,71,20043,6.29,55.855958,-4.257566,4
9920,76,20053,6.31,55.856045,-4.257549,4
9925,77,20062,6.47,55.856125,-4.257527,4
9930,79,20068,6.4,55.856173,-4.257491,4
9935,79,20077,5.83,55.856235,-4.257409,1
9940,78,20087,5.7,55.856235,-4.257257,1
9945,78,20097,6.34,55.856205,-4.257102,0
9950,78,20105,6.77,55.856188,-4.256976,0
9955,78,20113,6.54,55.856193,-4.256862,0
9960,78,20121,6.08,55.856175,-4.256729,0
9965,78,20129,5.93,55.856153,-4.256609,0
9970,78,20139,5.93,55.856133,-4.256467,0
9975,78,20149,6.21,55.856102,-4.256316,0
9980,78,20159,6.72,55.856058,-4.256166,0
9985,76,20169,7.14,55.856013,-4.256029,0
9990,84,20179,7.23,55.855995,-4.255884,0
9995,91,20189,7.11,55.855953,-4.255739,0
10000,93,20198,7.07,55.855927,-4.255597,0
10005,87,20209,7.08,55.855892,-4.255442,0
10010,83,20219,7.16,55.855845,-4.255291,0
10015,74,20229,7.38,55.855807,-4.255149,0
10020,74,20239,7.39,55.855767,-4.255014,0
10025,75,20248,7.19,55.855727,-4.254887,0
10030,76,20257,6.94,55.855688,-4.254754,0
10035,77,20267,6.79,55.855657,-4.254614,0
10040,77,20276,6.72,55.85562,-4.254489,0
10045,77,20286,6.7,55.855545,-4.254391,0
10050,75,20295,6.83,55.855487,-4.254294,1
10055,74,20304,6.89,55.85544,-4.254174,2
10060,76,20313,6.7,55.855407,-4.254051,4
10065,78,20321,6.42,55.855375,-4.253941,5
10070,77,20329,6.09,55.855337,-4.253831,7
10075,77,20338,5.96,55.855315,-4.253687,9
10080,74,20349,6.27,55.85528,-4.253531,9
10085,72,20359,6.8,55.855235,-4.253392,9
10090,69,20368,7.04,55.855202,-4.253251,10
10095,69,20378,7.05,55.855185,-4.253091,10
10100,71,20389,7.13,55.855143,-4.252946,10
10105,71,20397,7.17,55.85511,-4.252819,11
10110,71,20407,6.97,55.85508,-4.252679,11
10115,74,20417,6.87,55.855037,-4.252531,12
10120,78,20427,7.03,55.855005,-4.252391,12
10125,75,20436,7.07,55.854988,-4.252256,12
10130,71,20444,6.77,55.854962,-4.252127,12
10135,71,20453,6.45,55.854933,-4.252001,12
10140,76,20462,6.33,55.854892,-4.251872,12
10145,76,20472,6.43,55.854847,-4.251734,12
10150,77,20483,6.77,55.854797,-4.251582,12
10155,87,20493,7.19,55.854748,-4.251441,12
10160,87,20504,7.44,55.854697,-4.251299,12
10165,87,20514,7.52,55.854643,-4.251156,12
10170,87,20524,7.59,55.854598,-4.251026,12
10175,87,20533,7.38,55.854562,-4.250897,12
10180,87,20542,6.96,55.854523,-4.250769,12
10185,87,20552,6.78,55.854463,-4.250657,12
10190,68,20561,6.74,55.854413,-4.250549,12
10195,68,20570,6.66,55.854368,-4.250429,12
10200,68,20578,6.53,55.854325,-4.250311,12
10205,68,20587,6.48,55.85428,-4.250191,12
10210,70,20596,6.43,55.854238,-4.250079,12
10215,70,20604,6.3,55.854202,-4.249956,12
10220,70,20614,6.28,55.854158,-4.249824,12
10225,70,20624,6.48,55.85411,-4.249696,12
10230,81,20634,6.71,55.854063,-4.249561,12
10235,81,20643,6.89,55.854015,-4.249434,12
10240,81,20652,6.93,55.853967,-4.249311,12
10245,81,20661,6.83,55.853923,-4.249204,12
10250,79,20669,6.54,55.853888,-4.249094,12
10255,74,20676,6.14,55.853868,-4.248977,12
10260,75,20684,5.86,55.853825,-4.248881,12
10265,71,20693,5.73,55.853798,-4.248766,12
10270,62,20704,5.96,55.853758,-4.248594,11
10275,61,20715,6.72,55.85371,-4.248441,11
10280,58,20725,7.42,55.853673,-4.248294,11
10285,77,20734,7.41,55.853638,-4.248166,10
10290,72,20744,7.09,55.853595,-4.248027,10
10295,69,20754,6.97,55.853555,-4.247887,10
10300,78,20764,7.05,55.853512,-4.247741,10
10305,82,20774,7.18,55.853467,-4.247597,10
10310,87,20785,7.3,55.853422,-4.247456,10
10315,88,20794,7.31,55.853377,-4.247324,10
10320,86,20804,7.2,55.853342,-4.247186,10
10325,86,20813,7.02,55.853313,-4.247046,10
10330,83,20823,6.89,55.853325,-4.246894,10
10335,83,20833,6.92,55.853375,-4.246752,10
10340,83,20845,7.21,55.853467,-4.246656,10
10345,70,20856,7.65,55.853542,-4.246542,10
10350,77,20867,7.97,55.853545,-4.246364,9
10355,76,20878,8.03,55.853515,-4.246204,9
10360,78,20888,7.89,55.853475,-4.246056,9
10365,77,20898,7.66,55.85344,-4.245909,9
10370,77,20908,7.41,55.853395,-4.245777,9
10375,77,20917,7.21,55.853365,-4.245632,9
10380,85,20928,7.1,55.853323,-4.245487,9
10385,87,20937,7.15,55.853273,-4.245362,9
10390,87,20947,7.11,55.853227,-4.245234,9
10395,79,20957,7.01,55.853173,-4.245107,9
10400,78,20968,7.09,55.85311,-4.244966,9
10405,78,20978,7.38,55.85305,-4.244839,9
10410,77,20988,7.52,55.852993,-4.244714,9
10415,73,20996,7.43,55.85295,-4.244614,9
10415,73,20996,7.43,55.85295,-4.244614,9
10415,73,20996,7.43,55.85295,-4.244614,9
10415,73,20998,7.4,55.852938,-4.244586,9
10420,67,21009,7.33,55.852888,-4.244444,9
10425,66,21020,7.45,55.852835,-4.244301,9
10430,66,21029,7.54,55.852788,-4.244172,9
10435,66,21040,7.47,55.852735,-4.244017,8
10440,66,21051,7.55,55.852685,-4.243872,7
10445,66,21062,7.72,55.85264,-4.243711,7
10450,66,21073,7.77,55.852628,-4.243549,7
10455,66,21083,7.73,55.852645,-4.243389,7
10460,76,21092,7.55,55.852602,-4.243264,7
10465,77,21102,7.29,55.852515,-4.243214,7
10470,83,21111,7.11,55.852452,-4.243137,7
10475,83,21122,6.96,55.85239,-4.243006,6
10480,81,21133,7.06,55.852335,-4.242857,4
10485,81,21145,7.52,55.852282,-4.242691,2
10490,81,21157,7.98,55.852223,-4.242531,0
10495,81,21170,8.33,55.85216,-4.242362,0
10500,81,21182,8.63,55.8521,-4.242199,0
10505,87,21193,8.75,55.852042,-4.242044,0
